CBO,NOC,WMC,RFC,SLOC,LCOM,DIT,Change
5,0,3,16,44,0,0,yes
9,0,10,23,309,70,1,yes
31,1,4,17,154,58,1,yes
2,0,3,16,15,33,1,no
27,0,23,36,544,78,0,yes
3,0,3,16,22,33,1,no
3,0,2,15,17,16,0,no
3,0,2,15,11,0,0,yes
26,1,3,16,109,25,1,yes
4,0,1,14,6,0,1,no
7,0,3,16,95,50,1,no
7,0,2,15,21,0,1,no
7,0,3,16,26,0,1,no
5,0,2,15,8,0,1,no
5,0,3,16,13,0,1,no
8,0,7,20,96,66,0,no
17,1,12,25,154,80,0,yes
6,0,1,26,10,0,1,no
0,0,1,14,4,0,1,no
2,0,1,14,5,0,1,no
1,0,1,14,4,0,1,no
11,0,4,17,45,37,0,no
3,0,1,14,5,0,0,no
15,0,5,18,84,64,0,no
8,0,3,16,26,16,0,no
33,0,10,23,181,72,0,no
2,0,6,19,28,41,0,no
4,0,3,16,20,50,0,no
13,0,10,41,283,64,0,no
14,0,8,21,94,58,0,no
12,0,8,27,82,75,1,no
40,0,6,19,198,70,0,yes
4,0,4,17,19,41,0,no
10,1,6,19,54,72,0,no
4,0,2,15,26,50,0,no
2,0,5,18,18,60,0,no
9,0,4,17,28,50,0,no
19,0,2,15,62,0,0,no
24,0,4,17,186,66,0,no
4,0,5,18,21,0,0,yes
4,0,5,18,22,0,0,yes
33,0,2,15,195,0,0,yes
7,0,2,137,12,0,3,no
19,0,11,69,66,80,2,yes
74,0,4,17,406,62,0,no
10,0,6,22,25,66,1,no
8,0,6,19,32,33,0,yes
7,0,2,15,32,0,0,no
3,0,2,15,10,50,0,no
98,5,67,135,975,92,2,yes
4,0,4,17,20,0,0,no
9,0,6,19,46,66,0,no
23,0,6,19,383,91,0,yes
27,2,3,16,80,33,0,yes
41,0,9,25,146,44,1,yes
2,0,3,16,14,33,0,no
24,0,7,23,78,21,1,yes
25,0,3,16,165,0,0,no
5,0,7,20,60,67,0,no
4,0,5,18,22,80,0,yes
17,0,3,16,102,0,0,yes
16,0,10,86,66,80,2,yes
29,0,12,81,131,0,2,no
1,0,1,14,8,0,0,no
23,0,8,104,62,70,3,yes
49,0,9,22,1105,84,0,yes
14,0,6,82,52,38,3,yes
12,0,5,18,40,46,0,yes
25,0,8,21,148,72,0,yes
25,0,18,31,181,72,0,yes
21,0,5,18,41,0,0,no
17,0,9,85,79,72,2,yes
5,0,3,22,12,33,1,no
17,1,6,19,46,58,0,yes
36,0,20,33,177,74,0,yes
11,0,7,83,72,71,2,yes
25,0,3,72,83,0,2,no
9,0,2,15,66,100,0,yes
12,0,4,78,29,50,2,no
20,0,7,76,75,0,2,yes
16,2,3,16,52,33,0,yes
26,0,2,15,62,0,0,no
3,0,2,15,12,75,0,yes
8,0,3,16,152,66,0,yes
15,0,2,15,50,0,0,yes
56,0,12,25,413,91,0,yes
9,0,3,33,27,33,2,yes
31,0,9,144,101,75,3,no
66,0,7,20,286,65,0,yes
44,0,88,157,1269,0,2,yes
15,0,33,102,355,0,2,yes
28,0,43,112,464,100,2,no
11,0,9,22,72,76,0,yes
16,0,26,39,367,90,0,yes
12,0,4,17,59,0,0,yes
9,0,5,18,463,65,0,yes
12,0,6,75,70,0,2,no
20,0,6,19,158,66,0,no
9,0,3,24,30,22,1,yes
30,0,33,46,154,92,0,yes
21,0,6,75,50,0,2,yes
23,0,7,103,109,57,3,yes
12,0,4,17,27,0,0,no
32,0,14,110,430,57,3,yes
9,0,5,81,44,46,3,no
20,0,12,88,103,77,2,no
26,0,8,104,174,75,3,yes
9,0,3,72,55,0,2,yes
27,0,13,148,140,73,3,yes
3,0,5,18,22,53,0,yes
87,0,7,20,663,71,0,no
12,0,5,21,26,60,1,yes
13,0,5,140,28,40,3,no
18,0,4,73,68,0,2,no
37,0,6,19,166,100,0,yes
2,0,2,15,21,25,0,no
7,0,2,78,15,0,3,no
14,0,4,139,35,75,3,yes
43,0,47,116,799,0,2,yes
38,0,4,17,984,87,0,yes
45,0,31,89,720,79,2,yes
9,0,4,17,29,50,0,yes
13,0,9,22,96,75,0,yes
4,0,3,16,15,33,0,no
16,0,4,17,104,43,0,yes
7,0,7,20,27,71,0,no
10,0,5,63,30,60,2,yes
39,0,104,173,1446,0,2,yes
4,5,7,20,30,0,0,no
9,3,7,20,109,98,1,yes
3,1,11,24,40,0,0,no
2,0,3,16,6764,98,0,no
11,0,34,47,401,90,1,no
8,0,31,44,290,90,1,no
8,0,31,44,290,90,1,no
8,0,39,52,565,91,1,no
8,0,31,44,290,90,1,no
11,0,34,47,401,90,1,no
11,0,34,47,401,90,1,no
12,0,39,52,588,91,1,no
8,0,41,54,630,92,1,no
8,0,31,44,290,90,1,no
8,0,33,46,361,90,1,no
16,0,45,58,809,92,1,no
14,0,49,62,389,81,1,no
20,3,19,32,658,0,0,no
15,0,10,23,96,0,0,no
15,0,11,43,134,0,1,no
11,0,34,47,401,90,1,no
1,0,3,16,4450,96,0,yes
9,0,54,67,1039,93,1,yes
6,0,62,75,460,87,1,yes
17,0,88,101,2503,95,1,yes
11,0,42,55,646,92,1,yes
1,0,3,16,472,93,0,no
9,0,34,47,422,91,1,no
6,0,22,35,159,65,1,no
2,0,3,16,2781,97,0,no
15,0,41,54,747,91,1,no
8,0,33,46,361,90,1,no
8,0,37,50,494,91,1,no
5,0,28,41,187,76,1,no
8,0,35,48,425,91,1,no
8,0,33,46,361,90,1,no
11,3,12,25,252,0,0,no
6,0,3,16,26,0,0,no
6,0,4,29,36,0,1,no
1,0,3,16,1043,95,0,no
8,0,35,48,418,91,1,no
5,0,24,37,153,75,1,no
8,0,33,46,361,90,1,no
9,2,11,24,194,0,0,no
4,0,2,15,16,0,0,no
4,0,3,27,22,0,1,no
40,0,7,27,392,78,2,yes
6,0,2,15,14,100,0,yes
21,0,5,18,98,40,0,no
28,0,14,27,226,74,0,yes
68,0,28,60,1276,96,2,yes
1,0,6,19,22,33,0,no
1,1,0,32,125,0,1,yes
13,0,15,28,103,77,0,no
13,0,3,16,162,41,1,no
26,0,3,20,115,33,0,yes
34,0,7,27,318,90,2,yes
27,0,6,19,265,83,1,yes
18,0,5,30,63,40,1,no
2,0,5,18,25,40,1,no
53,0,13,33,403,95,2,yes
19,0,7,84,173,0,3,no
29,0,19,86,719,87,2,yes
13,0,21,88,654,0,2,yes
24,0,53,121,1576,83,2,no
9,0,1,68,42,0,2,no
6,30,5,68,24,0,1,no
2,58,4,67,17,0,1,no
1,3,1,65,7,0,2,no
1,6,1,65,6,0,2,no
1,2,1,64,6,0,1,no
26,9,9,77,72,87,2,yes
9,2,2,67,43,65,3,no
15,2,9,76,99,85,2,yes
16,2,5,70,117,0,3,yes
10,0,4,71,98,0,2,no
19,0,11,88,212,0,3,no
15,0,9,86,198,0,3,no
20,0,32,109,551,0,3,no
12,0,10,77,203,0,2,no
21,0,4,72,276,0,2,yes
9,0,9,77,150,0,2,no
6,0,3,94,25,100,2,no
20,0,5,68,126,70,1,no
4,0,2,88,17,25,0,no
9,0,6,73,83,0,2,yes
15,0,2,67,25,0,3,no
18,0,11,79,240,0,2,yes
23,0,14,81,536,88,2,yes
13,0,4,72,171,0,2,no
10,0,6,73,76,0,2,yes
15,0,32,99,368,90,2,no
16,0,11,79,513,77,2,yes
18,0,11,79,400,0,2,no
19,0,7,75,132,85,2,no
27,0,12,79,237,85,2,yes
15,0,8,76,143,0,2,no
15,0,8,75,82,0,2,yes
13,0,5,18,117,60,1,no
2,0,1,14,5,0,0,no
5,0,3,16,14,33,1,no
8,0,6,19,48,33,1,no
10,0,1,68,111,0,2,yes
18,0,3,70,197,0,2,no
15,0,6,74,102,0,2,no
6,0,7,74,135,0,2,no
11,0,4,72,103,0,2,no
14,0,7,75,112,85,2,no
17,0,15,92,435,0,3,yes
32,0,39,106,3078,83,2,yes
32,2,17,84,925,5,2,yes
28,0,3,66,89,51,1,no
12,0,2,15,18,0,0,no
18,0,2,69,52,50,2,no
0,0,1,85,5,0,3,no
21,0,21,88,330,0,2,yes
8,0,5,18,86,60,0,no
4,0,2,15,15,50,1,yes
4,0,4,17,22,0,1,yes
32,0,10,77,343,0,2,yes
26,0,4,17,96,75,0,no
46,0,20,87,703,95,2,yes
5,0,1,18,10,0,2,no
4,0,1,17,7,0,2,no
0,0,1,85,5,0,3,no
31,0,6,69,253,59,1,no
7,0,2,19,27,37,0,no
23,0,7,70,161,81,1,no
24,0,6,73,141,75,2,yes
20,0,3,70,40,66,2,no
16,0,28,95,266,87,2,yes
8,0,2,72,11,0,3,no
10,0,2,70,58,0,2,no
19,0,6,71,154,0,3,yes
6,0,11,78,236,0,2,no
9,0,13,80,94,0,2,no
17,0,3,70,46,0,2,no
8,0,2,69,45,0,2,no
8,0,1,68,52,0,2,no
10,0,13,80,116,78,2,no
18,0,9,74,201,88,3,no
23,0,9,77,209,69,2,no
13,0,13,90,234,0,3,no
8,0,12,79,216,0,2,no
11,2,2,70,71,0,2,no
16,0,6,71,119,68,3,yes
19,0,19,87,575,0,2,yes
19,0,4,81,115,0,3,no
32,0,72,140,1812,93,2,yes
36,0,16,84,885,0,2,yes
9,0,1,68,22,0,2,no
19,0,20,97,439,0,3,yes
17,0,12,79,214,75,2,yes
21,0,4,69,60,0,3,yes
11,0,3,71,100,16,2,no
10,0,1,68,52,0,2,no
9,0,13,80,146,0,2,no
9,0,4,71,51,75,2,no
8,0,7,74,65,0,2,no
16,0,4,71,86,0,2,no
14,0,31,98,348,95,2,no
20,0,41,109,1142,0,2,yes
14,0,9,77,403,0,2,no
12,0,6,73,172,0,2,no
9,0,2,69,46,0,2,no
1,0,2,72,10,0,4,no
18,0,19,96,408,0,3,no
29,0,58,126,1055,59,2,yes
11,0,1,68,30,0,2,no
24,0,8,75,250,89,2,no
18,0,13,80,315,92,2,no
19,0,45,112,436,31,2,no
1,0,2,15,14,0,0,no
3,0,5,18,46,40,0,no
1,0,4,17,34,16,0,no
19,0,5,70,103,73,3,no
8,0,1,71,9,0,3,no
17,0,3,70,85,22,2,no
3,0,1,14,7,0,0,no
9,0,3,70,110,0,2,no
29,0,9,74,284,72,3,yes
8,0,4,71,74,0,2,no
29,0,11,78,850,78,2,yes
26,0,23,90,456,0,4,no
14,0,17,84,459,0,4,no
11,0,8,84,132,0,3,yes
2,0,4,80,19,0,3,no
7,0,6,73,108,0,2,yes
21,0,15,83,166,82,2,no
10,0,10,77,63,70,2,yes
19,0,24,92,214,86,2,yes
12,0,5,73,102,0,2,no
17,0,3,71,69,58,2,yes
10,0,4,71,246,50,2,no
15,0,4,71,102,0,2,no
26,0,15,83,636,0,2,yes
24,0,13,81,478,92,2,yes
25,0,56,124,1826,92,2,yes
13,0,14,84,307,0,4,yes
3,0,2,59,13,50,0,no
1,0,1,58,7,50,0,no
6,0,7,80,75,100,0,no
9,0,10,23,107,77,0,no
5,0,9,22,43,87,0,no
1,0,1,50,5,0,0,no
1,0,2,51,11,50,0,no
41,0,6,41,103,66,1,no
13,0,2,15,12,0,0,no
5,0,2,15,12,0,0,yes
51,3,22,35,253,88,0,yes
1,0,3,60,16,55,0,no
13,0,4,39,18,0,1,no
10,2,14,27,58,0,0,no
42,0,7,34,319,75,1,yes
24,0,5,18,89,40,0,yes
25,0,5,18,62,46,0,no
41,3,15,28,342,66,0,yes
45,0,6,41,110,70,1,yes
8,0,3,30,56,50,1,yes
4,5,4,57,20,0,4,no
12,2,14,27,67,82,0,no
4,9,4,34,21,75,2,yes
14,2,6,49,57,66,4,yes
10,2,6,49,44,50,4,yes
9,0,4,31,37,50,1,no
9,0,9,43,47,61,3,yes
3,0,2,51,9,0,5,no
3,0,2,51,9,0,5,no
7,0,10,44,55,55,3,yes
5,0,3,46,22,0,4,yes
8,0,4,47,31,37,4,yes
18,7,9,43,89,72,3,yes
16,0,11,45,92,78,3,yes
7,1,9,43,55,50,3,yes
13,0,6,40,93,58,3,yes
16,0,9,43,158,62,3,yes
3,0,2,48,9,0,4,yes
3,1,2,48,9,0,4,yes
3,1,3,45,13,0,4,no
7,2,8,42,43,37,3,no
7,5,12,46,65,58,3,yes
12,0,3,46,56,33,4,yes
13,0,4,47,47,50,4,yes
11,0,3,46,38,33,4,yes
17,0,6,33,83,75,1,no
3,0,2,51,9,0,5,no
3,0,2,51,9,0,5,no
3,0,2,48,9,0,4,yes
3,0,2,48,9,0,4,yes
12,0,7,56,64,71,3,yes
6,2,6,49,44,66,2,yes
6,4,6,49,46,0,2,yes
16,0,9,52,98,76,2,yes
4,2,4,53,21,0,3,no
13,11,15,43,105,80,1,yes
0,0,0,13,2,0,0,no
20,3,15,28,164,93,0,yes
8,4,12,40,62,16,1,yes
4,7,2,30,10,0,1,yes
18,0,15,58,149,83,2,yes
14,0,15,55,105,57,2,yes
18,0,5,18,82,60,0,yes
8,3,11,41,81,63,2,no
13,0,4,17,73,0,0,yes
28,0,15,58,259,73,2,yes
3,2,4,58,15,0,4,no
8,0,4,61,42,75,5,yes
8,0,4,61,42,0,5,yes
9,0,6,63,58,50,5,yes
8,0,4,61,40,0,4,yes
8,0,4,61,40,0,4,yes
10,0,6,63,64,50,5,yes
11,0,15,28,62,0,0,no
1,0,1,14,17,0,0,no
7,3,8,57,52,75,3,no
6,0,4,61,37,0,5,yes
6,0,4,61,41,0,4,yes
6,0,4,61,37,0,4,yes
6,0,4,61,41,0,5,yes
3,2,4,52,15,0,3,no
3,0,4,54,15,0,3,no
7,1,7,50,43,0,2,yes
10,0,7,61,40,85,4,yes
7,0,5,59,33,80,4,yes
14,0,8,62,64,65,5,yes
6,1,7,83,26,0,5,no
12,0,8,84,46,0,5,yes
3,0,2,56,10,50,4,no
13,0,7,90,49,0,6,yes
13,0,8,62,65,87,4,no
3,1,2,54,9,0,4,no
13,0,6,60,48,83,4,yes
12,0,10,77,53,96,5,yes
6,0,5,63,23,70,5,yes
6,0,5,63,23,70,5,yes
15,0,10,64,78,90,4,yes
5,4,4,71,25,50,5,yes
11,0,12,83,63,93,6,yes
8,0,6,77,27,83,6,yes
5,6,4,71,15,0,5,no
9,0,9,63,55,88,4,yes
9,0,5,59,35,80,4,yes
7,0,3,16,24,0,0,yes
6,3,5,76,27,80,6,no
9,0,4,80,21,100,7,no
8,0,7,83,34,0,5,yes
12,0,8,84,46,0,5,yes
3,0,2,56,10,50,4,no
5,3,5,48,23,0,2,yes
7,0,5,59,30,80,4,yes
10,0,12,66,65,91,4,no
9,0,4,80,21,100,7,no
9,0,6,60,41,83,4,yes
6,0,7,61,35,85,4,yes
8,0,11,65,88,90,4,yes
10,0,8,62,47,87,4,yes
8,0,5,82,32,80,7,no
10,0,8,62,46,79,4,yes
9,1,6,77,43,83,6,no
10,0,4,80,27,75,7,no
8,0,6,77,24,83,6,yes
7,0,5,76,20,80,6,no
8,0,6,77,24,83,6,yes
3,2,5,59,60,0,4,no
10,0,9,63,63,81,4,yes
10,0,8,62,63,81,4,yes
15,0,12,71,107,85,5,yes
9,0,6,60,44,83,4,yes
21,3,22,76,168,84,4,yes
20,2,22,76,196,77,4,yes
3,0,2,56,10,50,4,no
15,0,5,81,44,80,5,yes
12,0,11,65,97,90,4,yes
5,36,6,54,29,83,3,yes
12,3,15,67,89,90,4,no
7,0,5,59,29,80,4,yes
8,0,5,59,29,80,4,yes
9,0,5,59,34,80,4,yes
7,0,5,59,29,80,4,yes
9,0,6,77,27,83,6,yes
9,0,6,77,27,83,6,yes
15,0,15,74,128,85,5,yes
13,0,10,81,87,90,6,yes
12,0,6,60,43,83,4,yes
12,0,11,65,75,72,4,yes
13,0,11,65,73,69,4,yes
18,0,11,65,107,72,4,yes
10,0,8,62,52,81,4,yes
4,0,2,56,10,50,4,no
6,0,7,61,35,85,4,yes
10,0,4,17,30,0,0,yes
23,0,15,55,200,74,2,yes
13,0,11,51,72,45,2,yes
11,0,13,54,72,48,3,no
17,0,23,66,216,90,2,yes
10,0,4,17,30,0,0,yes
19,0,34,64,236,89,2,yes
5,0,4,61,27,0,5,yes
5,0,4,61,31,0,4,yes
5,0,4,61,30,0,4,yes
6,0,4,61,36,0,5,yes
7,0,7,56,44,0,3,yes
7,3,8,57,52,75,3,no
11,0,7,47,50,0,2,yes
8,0,10,23,61,33,0,no
6,0,5,54,30,0,3,no
18,0,14,55,98,55,3,yes
30,0,28,41,370,88,0,yes
11,0,15,56,93,73,3,yes
3,0,3,33,14,100,2,yes
17,0,14,57,156,75,2,yes
45,0,31,44,217,0,0,yes
9,0,6,49,48,0,2,yes
6,5,4,57,21,100,4,no
11,0,4,61,41,0,5,yes
10,0,4,61,45,0,5,yes
26,2,44,57,178,0,0,yes
3,2,1,59,4,0,2,yes
3,1,1,59,4,0,2,yes
3,1,1,59,4,0,2,yes
4,5,1,58,24,0,1,yes
3,3,1,58,6,0,1,yes
15,3,12,25,75,58,1,no
15,0,11,24,112,70,1,no
6,0,5,40,77,80,3,no
1,0,5,18,43,57,0,no
6,0,5,40,34,80,3,no
9,2,10,35,164,80,2,no
8,0,12,26,80,55,1,yes
2,0,1,14,12,0,0,no
9,0,9,34,95,75,2,no
4,0,8,22,38,62,1,no
3,0,4,39,20,0,3,no
3,0,4,39,18,0,3,no
8,2,10,35,72,80,2,yes
23,0,31,44,422,84,1,yes
8,0,5,18,449,64,0,yes
17,0,4,17,320,56,1,yes
4,0,3,16,15,0,0,no
5,0,3,16,16,0,0,no
5,0,4,17,23,0,0,no
2,0,0,13,18,0,0,no
14,0,8,75,122,25,2,no
18,0,10,77,279,30,2,yes
5,0,1,14,15,0,0,no
27,1,7,20,153,71,0,no
17,0,3,23,84,50,1,no
17,0,7,20,140,61,1,no
14,0,32,45,518,86,0,no
4,1,8,21,31,81,0,no
2,0,2,15,7,0,1,no
19,0,14,27,109,80,0,no
4,0,4,17,29,41,0,no
3,0,5,18,24,65,0,no
6,0,2,15,16,0,0,no
25,2,15,36,208,81,1,no
8,1,7,23,28,57,1,no
6,0,7,20,152,67,0,no
10,0,14,27,92,71,1,no
9,0,3,16,34,44,0,yes
7,0,2,15,21,0,0,no
2,0,2,15,51,0,0,no
7,0,10,23,48,44,0,no
3,0,10,41,63,66,1,no
20,0,15,31,210,86,1,no
2,0,1,14,8,0,0,no
14,0,4,40,42,0,2,no
16,0,10,23,82,78,0,no
5,0,3,16,26,0,0,no
18,0,5,18,142,71,0,no
3,0,2,15,10,0,0,no
8,0,1,14,32,0,0,no
10,0,5,18,144,66,1,no
2,0,1,14,8,0,0,no
4,0,1,14,15,0,0,no
1,0,5,18,49,40,0,no
2,0,2,15,16,0,1,no
5,0,3,16,28,0,1,no
1,0,2,15,9,0,1,no
7,0,9,22,115,70,0,no
1,0,1,14,16,0,0,no
3,0,9,22,36,59,0,no
21,0,22,35,130,87,0,no
4,0,1,14,13,0,0,no
10,0,3,16,111,0,0,no
4,1,18,31,100,77,0,no
7,0,9,22,54,77,0,no
12,0,7,20,139,75,0,no
2,0,2,15,37,0,0,no
8,0,15,28,70,43,0,no
7,0,3,16,73,55,0,no
2,2,4,17,13,0,1,no
1,0,2,19,9,0,2,no
4,0,3,20,14,33,2,no
29,0,18,31,336,86,1,no
6,0,6,19,37,50,1,no
1,0,1,14,6,0,1,yes
7,0,5,18,38,80,0,no
3,0,3,16,32,0,1,yes
15,2,7,20,61,66,0,no
1,0,1,49,4,0,0,no
4,0,2,22,9,100,1,no
0,3,2,15,8,0,0,no
9,0,6,19,28,61,0,no
3,0,2,15,27,0,0,no
9,0,3,16,51,0,0,no
4,0,7,20,52,67,0,no
8,0,3,16,61,66,0,no
9,0,5,92,33,19,0,no
3,0,2,22,8,0,1,no
2,0,4,17,16,0,0,no
7,0,18,31,94,55,0,no
14,0,5,18,80,60,0,no
4,0,2,15,13,25,0,no
8,0,5,18,55,72,0,no
3,0,2,15,20,0,1,no
6,0,3,16,20,50,0,yes
3,0,6,19,27,0,0,no
2,0,3,16,12,0,1,no
3,0,12,42,53,100,1,no
3,0,13,26,62,30,1,no
18,0,10,23,149,90,0,yes
3,0,4,17,35,25,0,no
6,1,17,30,53,0,0,no
6,0,3,16,24,0,0,no
3,0,9,22,46,0,0,no
9,0,23,36,121,83,1,no
7,0,3,16,31,33,0,no
4,0,3,16,14,50,0,no
18,0,12,25,99,80,0,no
6,0,2,15,17,50,0,no
5,1,5,18,35,66,0,no
23,0,8,21,110,76,0,no
4,0,2,15,15,0,0,no
9,1,5,18,32,46,0,no
9,0,5,18,117,72,0,no
25,0,5,18,110,66,0,no
5,0,1,14,23,0,0,no
22,0,5,18,170,46,0,no
15,0,2,15,57,33,0,no
15,0,2,15,56,33,0,no
25,0,6,19,191,77,0,no
5,0,1,14,15,0,1,no
6,0,2,20,14,0,1,no
2,4,3,16,12,0,0,no
52,0,43,56,937,86,0,yes
5,0,7,29,32,14,1,no
5,0,7,29,35,14,1,yes
7,2,9,22,34,55,0,no
29,0,29,98,200,89,2,yes
12,0,4,17,19,25,0,no
10,0,4,17,25,0,0,no
15,0,3,39,47,0,2,yes
32,0,7,23,114,71,1,yes
36,0,5,23,150,50,1,yes
31,0,1,70,90,0,2,yes
3,1,2,15,8,0,0,no
64,2,23,44,489,89,1,yes
0,0,4,17,19,50,0,yes
15,0,6,19,119,64,0,no
16,0,2,15,18,0,0,no
6,0,6,19,50,50,0,yes
8,0,10,23,95,56,0,no
14,0,2,15,98,25,0,no
4,6,5,18,21,0,0,no
9,0,8,21,113,62,0,no
6,0,4,17,51,37,0,no
29,2,8,21,228,64,0,yes
4,0,5,18,35,60,0,no
10,0,6,19,38,33,0,yes
11,0,5,23,37,26,1,yes
13,1,6,19,51,38,0,yes
3,0,3,25,13,0,2,no
5,1,4,22,26,25,1,no
4,2,5,18,38,60,0,yes
12,0,8,44,311,64,0,yes
6,0,5,18,63,40,0,no
5,0,7,20,42,57,0,no
8,2,7,20,71,76,0,no
13,0,1,14,50,0,0,no
6,0,5,25,25,40,1,no
9,0,6,26,60,46,1,no
5,0,4,31,23,0,1,no
17,1,14,27,173,75,0,no
2,0,2,15,9,0,0,no
1,1,3,16,15,33,0,no
20,0,3,47,51,77,2,yes
9,0,3,18,25,0,1,yes
8,0,5,18,26,19,0,yes
6,0,4,22,27,0,1,no
20,0,3,47,47,77,2,yes
19,0,6,19,212,33,0,no
8,0,6,19,38,66,0,no
14,0,8,21,84,59,0,no
7,0,2,15,10,0,0,yes
16,0,4,17,30,75,0,no
1,0,1,50,6,100,0,no
17,0,8,29,62,66,1,no
9,0,3,22,26,33,1,no
0,0,0,13,29,0,0,no
69,0,81,94,540,95,0,yes
49,0,180,193,1215,99,0,yes
14,0,3,21,50,42,1,yes
25,0,8,34,154,80,1,no
12,0,3,72,34,0,2,no
17,2,13,26,292,96,0,no
15,0,16,29,210,70,0,no
10,0,3,16,98,0,0,no
14,0,14,27,106,85,0,no
49,0,66,148,359,89,1,yes
7,0,3,72,47,0,2,no
49,0,195,208,944,95,0,yes
16,0,24,37,127,76,0,yes
12,0,1,70,15,0,2,no
53,2,69,82,937,97,0,yes
11,0,2,25,32,0,4,yes
10,0,2,24,32,0,3,no
12,0,2,27,11,0,3,yes
9,0,2,27,13,0,2,no
12,0,2,27,12,0,2,no
15,0,2,28,12,0,4,no
10,0,2,24,32,0,4,no
9,0,2,22,32,0,2,no
8,0,2,21,10,0,2,no
9,0,2,23,32,0,2,no
19,0,4,21,88,0,1,yes
44,0,14,128,65,0,1,yes
19,0,2,34,21,0,1,yes
9,0,2,23,33,0,3,yes
14,0,2,25,12,0,4,no
7,0,4,27,15,0,1,yes
14,0,8,34,65,65,1,yes
14,1,18,54,237,61,0,no
1,0,1,14,8,0,0,no
10,0,3,57,78,66,1,yes
5,0,2,15,14,0,0,yes
3,0,3,33,21,0,0,yes
29,0,3,16,63,0,0,yes
9,0,4,17,89,0,0,no
26,0,3,16,66,33,0,no
23,0,16,29,174,81,0,no
1,0,4,53,14,100,0,no
10,0,12,25,66,87,0,no
5,0,2,15,20,0,0,yes
9,0,2,15,30,0,0,yes
3,0,1,14,5,0,0,no
35,0,13,26,284,81,1,yes
7,0,2,15,51,0,0,no
4,0,9,22,43,22,0,no
24,0,8,21,177,79,1,yes
3,0,2,15,10,0,0,yes
2,0,1,14,6,0,0,no
4,0,3,16,21,16,0,no
12,0,8,21,73,0,0,yes
3,0,1,14,5,0,0,no
6,0,5,24,71,53,1,no
2,1,6,19,25,16,0,no
10,0,7,20,121,68,0,yes
4,0,5,18,50,0,0,no
1,0,4,53,14,100,0,no
9,0,7,20,202,0,0,no
3,0,3,16,20,66,0,no
2,0,3,16,28,53,0,no
35,0,13,26,227,89,0,yes
6,1,4,23,20,50,3,yes
5,0,2,25,13,0,3,yes
4,2,2,35,9,0,3,no
3,0,4,17,19,50,0,yes
4,1,5,22,24,60,2,no
2,2,2,19,10,0,2,no
5,0,2,24,13,0,2,yes
1,5,1,23,5,0,2,yes
8,0,3,25,16,0,2,yes
8,0,3,25,16,0,2,yes
5,0,2,24,13,0,2,yes
5,0,2,24,13,0,2,yes
13,0,2,37,16,0,4,no
6,4,5,18,21,0,0,no
6,0,3,25,18,33,2,yes
2,3,3,25,11,0,2,no
5,0,5,28,22,40,3,yes
5,0,2,20,9,0,2,yes
35,4,58,76,229,0,1,no
7,0,4,17,69,0,0,yes
3,3,4,52,17,50,3,yes
1,0,1,53,5,0,4,yes
1,0,1,53,5,0,4,no
1,0,1,53,5,0,4,yes
5,0,2,24,13,0,2,yes
13,0,7,30,49,71,3,yes
13,0,4,37,26,0,3,yes
12,0,12,25,114,82,0,yes
5,0,4,17,19,50,0,no
4,0,14,27,63,57,0,no
6,0,10,33,47,66,3,yes
5,6,4,29,15,0,3,yes
7,15,5,22,35,40,1,yes
3,2,2,18,10,0,1,yes
11,1,8,25,42,75,2,yes
5,1,11,25,57,81,1,no
10,1,11,25,57,81,1,no
8,0,2,35,9,0,3,no
8,0,2,35,9,0,3,no
9,7,3,38,14,0,4,no
9,1,8,26,41,75,3,no
6,0,3,19,14,33,1,yes
8,0,2,40,10,0,5,yes
5,0,2,25,13,0,3,yes
1,2,1,18,5,0,2,no
3,1,3,22,15,33,3,no
4,1,6,20,27,66,1,no
3,1,5,19,23,60,1,no
4,1,7,21,32,71,1,no
1,0,3,32,13,0,4,no
5,0,3,26,18,33,3,yes
2,1,4,17,17,25,0,no
4,0,4,27,18,25,3,yes
8,0,2,40,9,0,5,no
12,0,4,37,24,0,3,yes
37,9,11,33,297,72,2,yes
19,0,8,21,86,75,0,yes
8,0,7,20,41,71,0,no
1,0,3,32,13,0,4,no
1,0,3,32,13,0,4,no
7,0,9,22,82,77,0,yes
1,0,2,15,8,0,0,yes
9,0,3,25,25,33,2,yes
5,0,3,28,18,33,3,yes
5,0,3,26,18,33,3,yes
5,0,7,23,42,71,1,yes
8,0,2,40,9,0,5,no
1,0,3,32,13,0,4,no
1,0,3,32,13,0,4,no
6,0,4,29,24,50,3,yes
3,0,3,16,15,0,0,yes
7,0,8,26,37,79,2,yes
8,0,2,40,9,0,5,no
8,0,2,40,9,0,5,no
5,0,2,25,13,0,3,yes
5,0,2,25,13,0,3,yes
2,6,1,14,6,0,0,no
3,1,7,20,33,42,0,yes
3,4,5,23,19,19,2,yes
8,0,5,23,25,40,2,yes
1,0,3,32,13,0,4,no
5,0,2,25,13,0,3,yes
8,0,2,40,9,0,5,no
3,0,5,18,23,40,0,yes
5,0,2,24,13,0,2,yes
0,0,5,18,33,60,0,no
2,0,4,17,15,0,0,no
1,0,4,53,13,0,0,no
4,2,4,17,10,0,0,yes
114,1,101,114,464,98,0,no
2,0,4,17,30,12,0,yes
51,5,45,96,494,91,2,yes
10,0,6,19,32,66,0,yes
7,0,6,26,30,72,1,no
3,0,4,17,16,50,0,no
13,0,48,61,594,0,0,yes
13,0,4,37,26,0,3,yes
5,0,2,24,13,0,2,yes
19,1,19,32,132,90,0,yes
17,0,17,113,124,76,3,yes
5,0,5,23,32,60,2,yes
2,5,3,17,15,33,1,no
16,1,10,23,120,50,0,no
4,0,2,15,14,0,1,no
29,3,25,76,105,0,2,no
5,0,2,24,13,0,2,yes
4,0,4,22,18,50,2,yes
5,0,2,25,13,0,3,yes
8,0,2,40,9,0,5,no
4,0,8,21,57,37,0,yes
3,3,3,16,10,33,0,yes
4,0,5,28,22,60,3,no
12,0,2,35,31,0,3,yes
12,0,2,35,24,0,3,yes
12,0,2,35,32,0,3,yes
35,2,33,51,163,0,1,no
35,1,56,74,226,0,1,no
1,5,1,23,5,0,2,no
34,1,50,68,202,0,1,no
2,1,4,21,16,0,2,yes
6,1,5,23,25,60,3,no
4,0,4,22,20,81,2,yes
17,0,15,28,143,87,1,yes
26,0,17,30,393,64,0,yes
13,0,13,26,99,85,0,yes
15,0,8,75,175,31,2,no
13,0,2,15,34,50,0,yes
9,0,2,15,27,33,0,yes
22,0,3,16,58,50,0,yes
9,0,6,75,53,55,2,yes
13,0,2,15,41,25,0,yes
10,0,3,72,30,44,2,yes
3,0,1,14,16,0,0,no
4,0,3,16,22,0,0,no
15,0,7,20,201,80,0,yes
16,0,12,25,68,0,0,no
21,27,6,69,80,80,1,yes
9,2,6,19,36,66,0,yes
49,8,50,63,1190,96,0,yes
4,0,2,60,13,25,2,no
2,0,2,15,19,0,0,no
55,0,40,60,338,92,1,yes
25,0,9,22,154,85,0,yes
103,1,71,91,1747,94,1,yes
19,3,38,58,165,0,1,yes
6,3,7,20,29,0,0,no
8,0,3,16,15,66,0,no
7,0,3,16,17,0,0,no
2,0,1,14,5,0,0,no
4,0,1,14,6,0,0,yes
15,0,42,55,489,85,0,no
8,0,5,18,120,66,1,yes
4,0,3,16,58,33,1,yes
4,0,3,16,58,33,1,yes
38,0,12,81,297,85,2,yes
12,0,3,72,167,0,2,yes
2,0,1,20,5,0,1,no
13,0,62,75,299,98,0,yes
5,0,3,22,53,66,1,no
4,0,3,60,15,50,0,no
4,0,3,60,15,50,0,no
5,0,2,59,10,50,0,yes
4,0,4,61,24,65,0,no
4,0,2,60,13,50,1,no
4,0,5,63,27,72,1,no
18,1,12,25,85,50,0,yes
4,0,3,60,18,58,0,no
1,1,4,53,14,100,0,yes
5,2,10,30,41,0,1,yes
4,2,7,20,29,0,0,no
21,1,41,54,166,0,0,yes
4,0,2,59,11,75,0,no
6,0,3,60,13,50,0,no
6,0,3,60,13,50,0,no
1,1,4,57,14,100,1,yes
10,0,13,44,134,0,1,no
5,0,4,23,19,0,1,no
19,0,4,29,34,41,1,yes
113,0,41,54,1965,92,0,yes
1,4,1,58,6,100,0,no
3,0,1,14,13,0,1,no
2,0,3,67,14,66,1,no
3,4,4,17,18,0,0,no
8,0,6,19,52,66,0,no
12,0,21,34,191,86,0,yes
16,0,61,74,993,0,0,yes
2,0,1,18,6,0,1,yes
2,0,1,18,6,0,1,yes
2,1,1,18,6,0,1,yes
18,0,12,25,331,0,0,no
10,0,15,28,120,76,0,yes
1,0,3,16,16,33,0,no
12,0,5,18,78,0,0,no
2,0,3,76,15,33,1,no
1,0,1,14,6,0,0,no
6,0,6,19,28,0,0,no
5,0,9,22,62,11,0,no
2,0,1,14,7,100,0,no
2,0,1,18,6,0,1,yes
59,1,60,73,816,95,0,yes
20,0,7,20,100,55,0,yes
3,0,6,19,39,16,0,no
4,0,4,61,20,50,0,no
6,0,15,46,186,100,1,no
5,0,3,22,16,0,1,yes
25,0,9,78,97,0,2,no
13,0,11,24,112,43,0,no
20,0,4,73,44,0,2,no
13,0,7,20,79,97,0,yes
2,0,2,15,16,0,0,no
4,0,6,19,44,0,0,no
32,0,34,47,385,93,0,yes
6,0,5,18,51,62,0,yes
4,0,3,60,18,58,0,no
0,0,1,14,17,0,0,no
5,0,8,21,54,56,0,no
4,0,4,62,21,68,1,no
3,0,8,21,80,0,0,yes
5,0,4,61,17,87,0,no
10,0,7,20,97,53,0,yes
11,0,6,19,56,61,0,no
20,0,14,27,140,76,0,yes
8,0,5,18,79,53,0,yes
15,0,6,19,76,100,0,yes
18,0,10,23,139,60,0,yes
5,1,7,64,32,80,0,no
4,0,7,65,32,74,1,no
10,1,14,27,86,72,0,yes
2,6,1,14,6,0,0,no
1,1,8,21,34,0,0,no
5,0,10,24,45,40,1,no
5,0,11,25,68,27,1,no
7,0,14,28,73,61,1,no
5,0,6,63,22,91,0,no
5,0,15,28,120,60,0,yes
6,0,6,19,150,0,0,no
4,0,1,58,7,50,0,no
11,2,18,31,284,78,0,no
10,0,15,28,110,55,0,no
9,2,6,19,36,61,0,no
28,3,8,75,78,0,2,no
20,1,55,68,227,0,0,no
5,0,8,21,42,50,0,no
2,0,6,19,28,16,0,no
20,0,11,24,151,80,0,no
12,0,2,77,52,0,3,no
2,0,1,14,4,0,1,no
19,0,5,80,91,80,3,no
24,0,12,87,273,75,3,yes
4,0,2,70,12,0,1,no
2,5,2,15,8,0,0,no
13,0,5,18,72,73,0,no
4,0,3,16,16,66,0,no
3,0,5,18,35,0,0,no
24,0,7,20,264,71,0,no
6,0,6,19,81,61,0,no
9,0,3,16,39,44,0,no
4,0,4,22,24,25,1,no
1,0,1,14,5,0,0,no
3,0,4,17,17,91,0,no
1,2,1,14,22,0,0,no
5,0,2,16,9,0,1,no
2,0,2,16,9,0,1,no
5,0,16,29,62,93,0,no
20,0,11,24,131,95,0,no
4,0,3,16,16,33,0,yes
10,0,4,17,71,100,0,no
3,0,2,15,8,0,0,no
5,0,3,16,15,0,0,no
7,0,3,16,21,33,0,no
3,0,3,16,67,66,0,no
3,0,1,14,19,0,0,no
3,0,1,14,29,0,0,no
5,0,12,25,80,68,0,no
21,0,33,46,396,100,0,no
3,0,3,16,37,0,0,yes
6,0,4,17,77,75,0,no
7,0,4,52,43,66,0,no
6,0,9,22,56,51,0,no
8,0,3,16,21,0,0,no
1,0,1,14,12,0,0,no
21,0,6,19,110,66,0,yes
5,0,2,15,14,0,0,no
3,0,2,15,10,0,0,yes
17,0,8,77,78,50,2,yes
6,0,2,15,35,0,0,yes
6,0,6,75,41,41,2,yes
36,0,11,24,275,80,0,no
6,0,4,17,30,50,0,no
13,0,13,26,106,92,0,yes
8,0,10,23,69,70,0,yes
12,0,5,18,28,80,0,no
8,0,9,22,100,71,0,no
12,0,1,14,35,0,0,no
50,0,24,37,391,85,0,yes
5,0,3,16,118,0,0,yes
5,0,3,16,25,66,0,no
14,0,8,21,75,0,0,yes
6,0,3,16,33,0,0,yes
6,0,8,21,122,0,0,no
2,0,2,15,34,0,0,no
2,0,1,14,11,0,0,no
3,0,4,17,25,0,0,no
3,0,3,16,22,33,0,no
29,0,44,57,264,98,0,yes
11,0,4,17,52,0,0,yes
9,0,2,15,22,0,1,no
4,0,2,15,17,100,0,no
7,0,3,16,35,0,0,no
5,0,2,15,13,0,0,no
5,0,1,14,21,0,0,no
9,0,5,74,31,0,2,no
62,0,28,41,541,98,0,yes
8,0,13,26,142,84,0,yes
17,0,3,72,84,0,2,yes
2,0,2,15,11,0,0,no
7,0,3,16,20,0,0,no
22,0,12,25,144,95,0,yes
9,0,7,20,59,71,0,yes
19,0,19,32,162,84,0,yes
5,0,15,28,100,100,0,no
31,0,37,50,412,97,0,yes
13,0,4,17,261,55,0,yes
41,0,60,73,462,99,0,yes
7,0,3,16,26,0,0,no
3,0,8,21,37,16,0,no
19,0,12,25,106,91,0,no
0,0,5,18,36,85,0,no
5,0,3,16,65,0,0,no
7,0,4,61,43,66,0,no
11,0,18,31,205,94,0,yes
3,0,5,18,24,0,0,no
59,0,44,57,360,99,0,yes
3,0,4,38,23,0,0,no
14,0,7,20,85,0,0,no
24,0,9,22,311,77,0,yes
8,0,7,20,96,66,0,no
13,0,15,28,387,26,0,no
23,0,7,20,174,69,0,no
11,0,2,15,30,0,0,yes
1,0,1,14,10,0,0,no
6,0,3,26,17,66,2,no
18,1,18,31,488,59,0,no
6,0,1,32,12,0,1,no
7,0,2,18,11,0,1,no
13,0,4,17,62,50,0,no
12,0,2,15,68,50,0,no
35,0,13,26,284,81,1,yes
