CountClassCoupled,CountClassDerived,CountDeclInstanceMethod,CountDeclInstanceVariable,CountDeclMethodAll,CountDeclMethodPrivate,CountDeclMethodPublic,CountLineCode,MaxInheritanceTree,PercentLackOfCohesion,SumCyclomatic,ALTER
4,0,4,1,136,0,4,21,2,75,5,YES
6,0,0,0,2,0,2,21,1,0,10,YES
6,0,2,0,3,1,2,26,1,0,8,NO
5,0,2,0,3,1,2,24,1,0,8,NO
10,0,2,0,3,1,2,52,1,0,12,NO
3,0,2,0,2,0,2,13,1,0,3,NO
4,0,2,0,2,0,2,28,1,0,8,NO
2,0,1,0,5,0,0,6,2,0,1,NO
2,0,1,0,4,0,0,6,2,0,1,NO
7,0,2,0,2,0,2,50,1,0,13,NO
5,0,2,0,2,0,2,8,1,0,2,NO
4,0,2,0,2,0,2,15,1,0,4,NO
2,0,1,0,5,0,0,6,2,0,1,NO
6,0,2,0,2,0,2,20,1,0,6,NO
4,0,2,0,6,0,0,14,2,0,4,NO
2,0,1,0,4,0,0,6,2,0,1,NO
7,0,2,0,2,0,2,50,1,0,13,NO
8,0,2,0,2,0,2,54,1,0,16,NO
2,0,1,0,5,0,0,6,2,0,1,NO
2,0,1,0,4,0,0,6,2,0,1,NO
8,0,2,0,2,0,2,48,1,0,13,NO
2,0,1,0,5,0,0,6,2,0,1,NO
2,0,1,0,4,0,0,6,2,0,1,NO
6,0,2,0,2,0,2,39,1,0,10,NO
2,0,1,0,5,0,0,6,2,0,1,NO
2,0,1,0,4,0,0,6,2,0,1,NO
10,0,2,0,2,0,2,54,1,0,15,NO
4,0,2,0,2,0,2,12,1,0,3,NO
7,0,2,0,2,0,2,54,1,0,15,NO
8,0,2,0,2,0,2,64,1,0,19,NO
2,0,2,0,2,0,2,18,1,0,4,NO
2,0,3,0,135,0,3,13,2,0,3,NO
1,0,3,2,14,0,3,16,2,33,3,NO
9,3,5,1,6,0,1,30,1,50,8,NO
0,11,7,0,7,0,7,24,1,0,7,NO
17,8,10,2,10,2,1,149,1,80,34,YES
11,0,4,3,5,0,5,36,1,60,7,NO
1,0,8,0,8,0,8,51,1,100,14,NO
22,0,28,1,28,26,2,750,1,17,199,NO
6,0,0,0,4,0,4,61,1,0,17,YES
12,0,6,0,16,1,3,159,2,0,28,NO
15,0,1,0,11,0,1,76,2,0,10,NO
4,0,18,7,18,0,18,82,1,87,23,NO
11,0,0,0,6,1,5,29,1,0,7,NO
118,2,131,29,132,49,60,2114,1,96,460,YES
5,0,1,0,1,0,1,12,1,0,3,NO
6,0,0,0,9,0,9,96,1,55,14,NO
17,0,8,0,17,0,7,85,2,0,22,NO
15,0,0,0,8,1,7,91,1,0,23,NO
3,6,8,3,8,1,3,40,1,75,11,NO
2,0,4,2,4,0,4,23,1,0,6,NO
14,0,1,0,11,0,1,79,2,0,13,NO
14,0,1,0,11,0,1,70,2,0,9,NO
16,0,1,0,12,1,1,82,2,0,14,NO
13,0,1,0,11,0,1,55,2,0,9,NO
17,0,2,0,12,0,2,131,2,0,15,NO
15,0,1,0,11,0,1,73,2,0,12,NO
12,0,14,4,20,1,1,99,2,62,28,NO
10,2,9,3,17,1,5,55,2,70,13,NO
10,0,5,3,5,3,2,100,1,46,28,YES
1,0,2,0,8,0,2,9,2,0,2,NO
7,0,6,0,6,3,3,42,1,83,11,NO
10,0,2,0,2,0,2,38,1,0,8,NO
9,0,6,2,14,0,6,37,2,50,7,NO
16,0,19,6,25,2,0,153,2,77,42,NO
15,3,12,3,20,0,10,90,2,69,25,NO
3,0,1,0,1,0,1,8,1,0,1,NO
5,7,10,1,10,0,9,36,1,55,11,NO
16,0,3,0,20,0,2,58,3,0,12,NO
10,0,3,0,23,0,2,27,3,0,6,NO
11,0,3,1,22,0,2,38,3,33,8,NO
9,0,1,0,33,0,10,586,1,0,187,NO
19,0,5,1,22,2,3,101,3,80,27,NO
17,0,6,2,26,1,5,65,3,75,17,NO
16,0,5,2,24,2,3,75,3,70,21,NO
2,0,1,0,9,0,1,6,2,0,1,NO
8,0,0,0,10,2,7,136,1,0,38,NO
24,0,12,9,12,2,10,276,1,82,24,YES
6,0,1,0,1,0,1,31,1,0,21,NO
1,0,9,1,9,0,9,62,1,0,16,NO
21,0,28,8,34,3,0,263,2,83,70,NO
11,3,11,5,19,1,8,75,2,78,17,NO
9,0,7,2,7,0,7,53,1,50,16,NO
0,0,7,3,7,0,7,58,1,42,22,NO
13,0,10,4,18,2,7,68,2,77,17,NO
24,0,15,2,35,4,10,158,3,80,41,NO
32,0,17,3,36,6,9,211,3,80,52,NO
6,0,5,3,18,0,5,34,2,46,9,NO
11,0,0,0,5,2,2,57,1,60,10,NO
5,0,0,0,5,2,2,46,1,60,10,NO
11,0,15,6,15,1,11,140,1,73,29,NO
2,0,11,6,11,0,11,67,1,74,17,NO
21,0,19,3,20,15,5,226,1,68,52,NO
3,0,35,3,35,1,34,280,1,63,82,YES
2,0,8,3,8,0,8,70,1,50,26,NO
1,0,1,0,2,0,2,26,1,0,5,NO
1,0,3,2,14,0,3,16,2,33,3,NO
23,0,0,2,12,2,7,192,1,91,50,YES
3,0,10,5,10,0,10,42,1,72,12,NO
2,0,1,0,2,0,2,26,1,0,5,NO
8,1,2,0,3,0,3,32,1,0,6,NO
6,1,4,1,4,0,4,25,1,0,5,NO
8,0,5,1,5,0,4,107,1,0,19,NO
6,0,4,1,7,0,2,33,2,100,8,NO
11,0,2,1,6,0,1,91,2,50,28,NO
2,0,2,4,11,0,2,30,2,25,2,NO
2,0,2,2,11,0,2,19,2,0,2,NO
2,0,2,2,11,0,2,16,2,0,2,NO
2,0,2,3,11,0,2,26,2,0,2,NO
2,0,2,1,11,0,2,13,2,0,2,NO
5,10,6,5,9,0,5,54,1,68,14,NO
3,0,2,4,11,0,2,33,2,0,3,NO
2,0,2,2,11,0,2,16,2,0,2,NO
3,0,2,4,11,0,2,29,2,0,3,NO
1,0,2,1,11,0,2,13,2,0,2,NO
2,0,2,3,11,0,2,26,2,0,3,NO
21,0,14,0,16,6,8,213,1,93,52,YES
24,0,48,4,49,28,10,683,1,86,161,YES
4,0,21,7,21,2,19,142,1,83,40,NO
7,1,6,0,6,0,0,37,1,0,10,NO
0,0,0,0,3,1,2,20,1,66,5,NO
3,0,6,0,12,0,1,51,2,0,10,NO
1,0,3,1,3,0,3,18,1,0,5,NO
4,0,5,3,5,1,4,37,1,46,11,NO
0,0,0,0,0,0,0,3,1,0,0,YES
4,0,2,0,10,0,0,9,2,0,2,NO
8,0,3,0,9,0,1,12,2,0,3,NO
32,0,9,0,58,3,26,272,3,0,77,NO
33,0,10,3,30,2,4,223,3,84,60,YES
16,0,6,1,16,4,2,100,2,62,31,NO
4,0,1,0,16,0,0,5,3,0,1,NO
5,0,8,0,27,0,8,65,3,0,17,NO
7,0,8,0,16,2,6,47,2,0,14,NO
7,0,6,0,15,1,6,109,2,0,30,NO
10,0,7,2,15,1,6,67,2,71,14,YES
6,0,6,0,15,1,6,71,2,0,19,NO
9,0,7,0,15,0,6,140,2,0,18,YES
1,1,0,2,17,3,14,165,1,98,51,NO
1,1,8,3,8,0,8,42,1,33,13,NO
1,1,11,4,11,0,11,58,1,63,18,NO
6,0,33,4,84,1,32,161,2,85,51,NO
0,0,12,1,84,0,11,44,3,66,15,NO
1,0,5,0,77,0,4,16,3,0,5,NO
1,0,6,0,78,0,5,19,3,0,6,NO
1,0,16,4,66,0,15,71,2,75,21,NO
7,0,42,6,118,0,41,201,3,94,50,NO
1,0,4,1,5,1,4,56,2,60,15,NO
13,0,64,4,141,1,62,550,3,90,164,NO
2,0,6,1,82,0,5,24,3,50,7,NO
6,3,26,2,76,1,23,339,2,48,76,NO
9,5,49,3,50,0,48,207,1,85,74,NO
7,4,22,1,72,0,19,103,2,86,31,NO
2,0,5,0,5,0,4,20,1,0,5,NO
1,0,9,0,9,0,8,29,1,0,9,NO
0,0,3,1,3,0,3,12,1,0,4,NO
10,0,12,0,12,0,12,38,1,0,12,NO
4,0,28,8,29,2,26,170,1,85,39,NO
13,0,52,15,53,3,44,437,2,90,121,NO
2,0,9,2,11,1,10,69,1,45,18,NO
7,0,15,2,66,0,15,115,2,81,34,NO
0,0,5,0,77,0,5,16,3,0,5,NO
4,0,17,2,17,1,16,79,1,52,22,NO
13,0,0,0,15,1,14,159,1,0,42,NO
1,0,1,0,21,2,18,360,1,0,72,NO
2,0,19,6,22,4,18,124,1,88,34,NO
5,0,0,1,3,0,3,27,1,100,6,NO
0,0,6,1,6,0,6,32,1,50,7,NO
0,0,6,0,6,0,6,19,1,0,6,NO
4,0,0,0,3,1,2,21,1,0,4,NO
0,0,3,0,3,0,3,13,2,0,6,NO
2,0,1,0,21,3,17,254,1,95,82,NO
0,0,5,0,5,0,5,17,2,0,10,NO
0,0,1,0,1,0,1,5,2,0,1,NO
0,0,2,0,2,0,2,7,2,0,2,NO
0,0,3,0,3,0,3,8,2,0,3,NO
4,0,8,8,12,5,6,234,2,70,45,NO
7,0,6,8,13,3,9,213,2,76,41,NO
0,0,1,0,8,1,7,109,1,0,34,NO
0,0,1,0,2,1,1,10,2,0,3,NO
0,0,7,5,7,0,7,68,2,51,19,NO
0,1,4,1,4,0,4,18,1,0,6,NO
1,0,2,0,12,0,12,120,2,0,43,NO
1,0,2,0,5,1,4,42,2,0,9,NO
1,0,0,0,3,1,2,14,1,0,3,YES
4,0,0,0,13,0,11,140,1,0,50,NO
6,0,11,4,11,4,7,218,1,79,46,NO
0,0,10,3,10,0,10,56,2,60,13,NO
2,0,14,14,21,9,9,453,1,85,97,NO
0,0,2,2,2,0,2,46,1,0,10,NO
16,0,0,0,42,9,33,967,1,96,296,YES
1,0,11,1,11,0,11,41,2,36,11,NO
0,0,0,0,2,0,2,10,1,0,4,NO
4,0,0,0,20,2,18,230,1,0,72,NO
0,0,0,0,10,0,10,42,1,0,10,NO
2,0,4,2,4,0,4,73,1,0,26,NO
1,0,0,0,1,0,1,11,1,0,3,NO
3,0,1,0,9,1,8,79,1,0,21,NO
2,0,1,0,11,1,0,491,1,78,125,NO
1,0,1,1,5,1,4,24,1,100,5,NO
0,0,1,0,9,1,8,93,1,0,28,YES
1,0,0,0,1,0,1,12,1,0,3,NO
0,0,8,1,8,0,8,31,1,12,11,NO
4,0,0,0,17,0,17,260,1,0,92,NO
0,1,10,0,21,0,10,31,3,0,10,NO
0,0,10,0,31,0,10,31,4,0,10,NO
1,0,0,0,22,0,22,118,1,0,27,NO
1,0,2,1,4,0,3,28,1,50,7,NO
3,0,0,0,6,0,6,90,1,0,25,NO
1,0,2,1,4,0,3,32,1,50,9,NO
2,1,8,1,8,2,6,59,1,12,15,NO
1,0,1,0,1,0,1,5,1,0,1,NO
4,0,0,0,36,6,30,471,1,0,151,NO
1,5,11,1,11,0,11,83,2,36,11,NO
3,0,0,0,5,0,5,44,1,0,14,NO
3,0,0,0,14,0,14,57,1,0,19,NO
1,0,0,0,8,0,8,27,1,0,12,NO
0,0,1,0,3,1,2,29,1,0,19,NO
8,0,1,0,12,4,7,90,1,75,25,NO
3,2,18,7,21,5,16,181,1,76,55,NO
2,0,0,0,8,1,7,82,1,0,26,NO
3,0,0,0,9,2,7,87,1,0,19,NO
0,0,0,0,25,1,24,209,1,0,67,NO
0,0,0,0,4,0,4,70,1,0,24,NO
1,0,0,0,3,0,3,34,1,0,7,NO
5,0,0,0,15,0,15,322,1,0,38,NO
2,0,0,0,30,0,30,276,1,0,72,NO
0,0,10,0,21,0,10,33,3,0,10,NO
2,0,0,1,10,0,10,117,1,95,33,NO
6,1,90,3,98,4,92,472,1,97,139,NO
6,0,0,0,25,8,17,440,1,0,116,NO
8,4,23,8,23,2,21,169,1,82,59,NO
5,0,1,2,6,1,4,113,1,94,27,NO
2,0,12,3,13,2,11,60,1,64,17,NO
2,0,8,0,10,2,8,112,1,0,27,YES
1,0,1,0,3,0,1,19,2,0,4,NO
17,0,16,9,18,9,9,305,1,88,67,YES
9,0,1,0,12,1,11,58,1,41,17,NO
5,0,0,0,4,1,3,93,1,0,21,NO
9,0,4,2,8,0,7,95,1,62,14,NO
0,0,0,0,4,0,4,35,1,0,9,NO
0,0,0,0,5,2,3,83,1,0,29,NO
3,0,3,2,3,0,3,22,1,50,6,NO
0,0,0,0,0,0,0,3,1,0,0,YES
0,0,1,0,1,0,0,23,1,0,1,NO
0,0,8,4,8,1,7,54,1,62,13,NO
1,0,0,0,9,1,8,73,1,0,26,NO
13,0,1,0,17,0,16,71,1,0,22,NO
14,0,1,0,28,12,16,375,1,92,91,NO
14,0,1,0,6,3,3,66,1,0,15,NO
3,0,2,0,2,0,2,9,1,0,2,NO
1,0,21,1,22,1,21,75,1,27,27,NO
0,0,0,0,1,0,1,22,1,0,3,NO
3,0,0,0,6,1,5,78,1,0,7,NO
1,0,26,1,27,1,26,86,1,25,30,NO
0,0,3,1,4,1,3,19,1,75,6,NO
3,0,59,4,60,1,58,250,1,75,92,NO
1,0,35,1,36,1,35,106,1,55,42,NO
3,0,59,4,60,1,58,254,1,75,93,NO
1,0,35,1,36,1,35,106,1,55,42,NO
0,0,4,1,5,1,4,57,1,60,15,NO
2,0,6,4,8,2,6,75,2,53,24,NO
1,0,3,1,3,0,3,19,1,33,5,NO
6,0,0,1,13,3,10,140,1,100,43,YES
4,12,5,2,11,0,5,50,1,72,19,NO
2,0,6,2,17,0,4,26,2,58,8,NO
4,0,27,8,38,13,14,326,2,66,113,NO
2,0,14,6,25,0,14,66,2,78,21,NO
3,0,28,13,39,0,28,108,2,89,30,NO
2,0,6,2,17,0,6,26,2,50,8,NO
3,0,4,1,15,0,4,23,2,25,7,NO
3,0,2,0,13,0,2,15,2,0,5,NO
4,0,12,5,23,0,12,84,2,75,26,NO
3,0,5,2,16,0,5,26,2,50,9,NO
3,0,6,2,17,0,6,30,2,50,9,NO
3,0,8,3,19,0,8,37,2,62,11,NO
3,0,4,1,15,0,4,25,2,25,8,NO
0,0,10,0,21,0,10,48,3,0,10,NO
2,0,3,2,17,0,3,26,2,16,7,NO
7,0,13,4,13,0,12,77,1,69,20,NO
10,0,7,3,11,1,1,81,2,57,15,NO
7,0,2,4,2,0,0,15,1,50,3,NO
3,0,3,2,3,0,1,34,1,16,11,NO
2,4,4,1,4,0,1,23,1,0,8,NO
14,0,1,0,13,12,1,420,1,0,96,NO
5,0,4,1,8,0,1,24,2,50,6,NO
3,0,5,1,9,0,2,18,2,19,6,NO
6,0,4,1,8,0,1,23,2,25,6,NO
9,0,5,0,6,0,6,40,1,0,13,NO
11,0,4,3,4,1,1,142,2,58,17,NO
8,1,14,7,14,1,13,66,1,73,18,NO
2,0,13,1,13,0,6,45,1,61,13,NO
10,0,1,0,17,4,12,256,1,94,70,YES
1,0,10,5,12,2,10,85,2,70,26,NO
9,0,0,0,89,3,22,361,2,0,118,YES
0,0,4,4,4,0,2,28,2,37,8,NO
0,0,2,0,10,0,2,8,2,0,2,NO
1,0,5,1,7,1,6,32,2,28,10,NO
22,1,1,1,64,12,51,821,1,97,211,NO
0,0,3,0,14,0,3,11,2,0,3,NO
0,9,5,1,11,0,5,44,3,80,8,NO
0,0,8,2,14,0,4,42,3,62,9,NO
1,0,1,0,4,0,3,24,1,0,8,NO
0,0,5,1,16,0,1,19,4,0,5,NO
6,2,14,9,14,5,9,214,1,85,43,NO
2,0,3,2,3,0,3,14,1,33,3,NO
1,0,10,3,16,0,11,64,2,75,12,NO
0,1,5,1,5,0,5,19,1,40,6,NO
18,0,24,11,31,8,23,481,1,91,97,NO
13,0,3,2,4,1,3,80,1,50,17,NO
7,0,0,0,2,1,1,83,1,0,23,NO
0,0,5,4,5,0,3,33,1,44,8,NO
2,0,15,5,15,3,12,97,1,76,38,NO
3,0,7,2,7,1,6,54,1,28,19,NO
4,0,2,0,2,0,2,14,1,0,5,NO
0,0,0,0,0,0,0,3,1,0,0,YES
8,0,4,3,4,0,4,50,1,75,9,NO
1,0,5,1,5,0,5,22,1,0,7,NO
4,0,5,4,5,0,5,32,1,44,8,NO
1,0,5,1,5,0,5,22,1,0,7,NO
12,0,0,1,6,1,5,87,1,66,10,NO
8,0,1,0,29,4,24,341,1,0,143,NO
2,0,0,0,15,1,14,81,1,93,35,NO
0,0,0,0,1,0,1,8,1,0,2,NO
1,0,1,3,1,0,1,10,1,0,1,NO
0,0,6,2,6,0,6,27,1,16,8,NO
1,0,0,2,0,0,0,4,1,0,0,NO
20,0,0,0,13,2,11,166,1,92,41,NO
2,0,4,2,6,1,5,43,1,33,19,NO
15,0,1,0,10,2,7,111,1,70,35,NO
0,0,5,0,13,0,5,17,2,0,5,NO
2,0,7,1,22,1,7,35,2,25,15,NO
2,0,7,2,7,0,7,33,1,57,11,NO
2,1,13,3,13,1,12,44,1,71,16,NO
9,1,14,2,14,1,13,103,1,46,39,NO
2,0,10,5,10,0,10,44,1,56,12,NO
0,0,10,0,21,0,10,48,3,0,10,NO
1,0,3,0,3,0,3,15,1,0,3,NO
9,1,6,1,6,0,4,29,1,50,6,NO
10,1,8,1,8,0,7,47,1,12,9,NO
6,1,6,2,28,0,4,34,2,58,7,NO
1,0,2,1,4,0,2,14,2,0,4,NO
18,1,11,4,19,0,8,140,2,93,31,NO
0,0,0,0,17,0,0,2,2,0,0,NO
4,0,0,0,8,1,7,83,1,0,22,NO
1,0,0,0,1,0,1,29,1,0,7,NO
1,0,0,0,7,0,7,117,1,0,52,NO
4,0,8,1,18,2,8,105,2,60,31,NO
11,1,11,1,19,2,9,440,2,63,67,YES
5,0,7,1,15,0,7,108,2,28,25,NO
1,2,5,0,5,0,5,18,1,0,5,NO
2,0,10,3,18,0,10,177,2,33,28,NO
0,0,2,1,2,0,2,9,1,0,2,NO
8,3,22,6,22,0,22,127,1,85,36,NO
1,0,2,0,2,0,2,9,2,0,2,NO
0,3,4,0,4,0,4,15,2,0,4,NO
13,0,11,1,12,0,12,51,1,83,14,NO
8,0,8,3,9,1,8,247,1,51,29,NO
1,16,8,0,8,0,8,22,1,0,2,NO
1,0,3,0,3,0,3,8,1,0,3,NO
0,2,4,0,4,0,4,7,1,0,0,NO
9,1,6,0,8,0,8,158,1,0,19,NO
0,4,2,0,2,0,2,5,1,0,1,NO
9,1,7,0,15,0,6,38,2,0,9,NO
5,4,10,0,18,1,7,258,1,0,29,NO
4,1,1,0,23,5,15,573,1,0,159,NO
5,0,23,3,45,0,23,78,2,63,23,NO
22,1,6,3,8,2,5,165,1,41,34,NO
1,0,4,2,6,0,4,29,2,37,8,NO
1,0,4,1,6,0,4,94,2,0,6,YES
2,0,4,2,6,0,4,26,2,50,7,NO
1,0,5,1,7,0,5,26,2,19,6,NO
11,0,13,6,21,1,12,89,3,66,16,NO
4,0,10,3,18,0,10,58,3,46,13,NO
2,5,2,0,48,0,2,9,3,0,2,NO
2,0,2,0,50,0,2,16,4,0,3,NO
2,0,3,0,49,0,3,15,3,0,3,NO
2,0,2,0,48,0,2,9,3,0,2,NO
2,0,3,0,49,0,3,16,3,0,5,NO
2,0,3,0,49,0,3,23,3,0,6,NO
2,0,3,0,49,0,3,13,3,0,3,NO
2,0,5,0,51,0,5,21,3,0,5,NO
3,0,2,0,50,0,2,11,4,0,2,NO
4,0,3,0,49,0,3,16,3,0,4,NO
2,0,5,0,51,0,5,21,3,0,5,NO
2,0,3,0,49,0,3,25,3,0,8,NO
2,0,2,0,50,0,2,11,4,0,2,NO
2,0,2,0,50,0,2,9,4,0,2,NO
2,0,4,1,50,0,4,24,3,75,6,NO
12,0,9,2,55,0,9,152,3,44,36,NO
2,0,2,0,50,0,2,17,4,0,5,NO
2,0,2,0,50,0,2,17,4,0,5,NO
14,0,10,0,56,1,9,154,3,0,38,YES
2,0,4,1,50,0,3,24,3,75,6,NO
8,0,5,1,51,2,3,95,3,60,18,NO
0,0,2,0,48,0,2,17,3,0,4,NO
2,0,2,0,50,0,2,17,4,0,5,NO
2,0,2,0,50,0,2,17,4,0,5,NO
2,0,3,0,49,0,3,17,3,0,5,NO
2,0,4,0,50,0,4,32,3,0,8,NO
3,0,3,0,49,0,3,20,3,0,5,NO
0,0,1,0,47,0,1,5,3,0,1,NO
1,0,3,0,49,0,3,24,3,0,6,NO
3,0,2,0,50,0,2,11,4,0,2,NO
3,0,2,0,50,0,2,11,4,0,2,NO
3,0,2,0,50,0,2,11,4,0,2,NO
2,0,3,0,49,0,3,48,3,0,14,NO
2,0,3,0,49,0,3,15,3,0,3,NO
2,0,2,0,50,0,2,11,4,0,2,NO
2,0,3,0,49,0,3,13,3,0,3,NO
2,0,2,0,50,0,2,16,4,0,3,NO
3,0,2,0,50,0,2,11,4,0,2,NO
2,0,3,0,49,0,3,13,3,0,3,NO
2,0,3,0,49,0,3,17,3,0,5,NO
2,0,5,1,51,0,5,40,3,80,10,NO
2,0,2,0,50,0,2,9,4,0,2,NO
14,0,13,0,59,4,9,272,3,0,51,NO
2,10,2,0,48,0,2,9,3,0,2,NO
52,0,161,20,164,112,52,2786,1,92,1009,NO
3,0,48,16,50,41,7,2100,1,86,685,NO
1,0,12,5,12,0,12,80,1,48,17,NO
1,0,3,4,5,1,3,109,2,85,24,NO
0,0,36,15,36,0,31,351,1,83,67,NO
8,29,23,4,46,0,23,121,2,81,38,NO
0,0,5,8,7,0,7,39,1,94,7,NO
0,0,4,1,6,0,4,72,2,83,18,NO
3,0,5,1,5,0,4,37,1,0,10,NO
6,0,30,1,30,2,28,366,1,46,59,NO
3,0,7,0,15,0,7,54,2,0,10,NO
2,0,0,1,5,0,5,52,1,73,8,NO
0,0,1,0,3,0,3,18,1,0,4,NO
5,0,1,0,13,7,5,382,1,0,90,NO
0,0,1,0,2,1,1,64,1,0,10,NO
12,0,16,5,26,1,15,116,3,62,22,NO
4,0,14,2,24,0,14,73,3,50,20,NO
4,0,7,3,8,2,6,141,1,75,33,YES
4,0,4,4,4,0,4,54,1,56,10,NO
4,0,8,1,17,1,8,111,2,55,31,YES
3,0,8,1,16,0,8,91,2,50,21,NO
2,2,4,0,8,0,4,12,2,0,2,NO
0,0,4,3,4,0,4,19,1,50,4,NO
0,0,4,0,8,0,4,15,3,0,4,NO
0,0,4,0,8,0,4,15,3,0,4,NO
0,0,4,0,8,0,4,15,3,0,4,NO
3,0,7,0,15,0,7,82,2,0,20,NO
15,0,9,6,31,0,8,132,2,64,12,NO
7,0,7,0,15,0,7,156,2,0,37,NO
1,0,7,0,15,0,7,23,2,0,6,NO
9,0,0,0,14,5,0,555,1,0,100,YES
2,2,6,0,10,0,6,13,2,0,1,NO
0,0,3,2,3,0,3,15,1,33,3,NO
1,4,2,0,2,0,2,4,1,0,0,NO
0,0,0,0,0,0,0,3,1,0,0,YES
1,0,15,0,314,0,15,47,3,0,15,NO
0,0,1,0,300,0,1,5,3,0,1,NO
0,0,1,0,300,0,1,5,3,0,1,NO
0,0,1,0,300,0,1,5,3,0,1,NO
1,0,21,0,320,0,21,65,3,0,21,NO
0,0,1,0,300,0,1,5,3,0,1,NO
1,0,5,0,304,0,5,17,3,0,5,NO
0,0,1,0,300,0,1,5,3,0,1,NO
1,0,3,0,302,0,3,11,3,0,3,NO
5,0,4,0,303,0,4,26,3,0,7,NO
0,0,1,0,300,0,1,5,3,0,1,NO
1,0,11,0,310,0,11,37,3,0,13,NO
1,0,2,0,301,0,2,9,3,0,2,NO
0,0,1,0,300,0,1,5,3,0,1,NO
0,0,1,0,300,0,1,5,3,0,1,NO
0,0,1,0,300,0,1,5,3,0,1,NO
1,0,3,0,302,0,3,11,3,0,3,NO
1,0,3,0,302,0,3,11,3,0,3,NO
0,0,1,0,300,0,1,5,3,0,1,NO
1,0,5,0,304,0,5,17,3,0,5,NO
0,0,1,0,300,0,1,5,3,0,1,NO
0,0,1,0,300,0,1,5,3,0,1,NO
0,0,1,0,300,0,1,5,3,0,1,NO
0,0,1,0,300,0,1,5,3,0,1,NO
0,0,1,0,300,0,1,5,3,0,1,NO
0,0,1,0,300,0,1,5,3,0,1,NO
1,0,9,0,308,0,9,29,3,0,9,NO
1,0,5,0,304,0,5,18,3,0,6,NO
2,0,0,0,6,0,6,20,1,0,6,NO
0,0,0,0,412,0,0,2,8,0,0,NO
0,0,1,0,300,0,1,5,3,0,1,NO
1,0,17,0,316,0,17,54,3,0,19,NO
0,0,1,0,300,0,1,5,3,0,1,NO
0,0,1,0,300,0,1,5,3,0,1,NO
0,0,1,0,300,0,1,5,3,0,1,NO
0,0,1,0,300,0,1,5,3,0,1,NO
5,0,4,0,303,0,3,23,3,0,6,NO
0,0,1,0,300,0,1,5,3,0,1,NO
7,0,9,0,308,0,8,43,3,0,12,NO
0,0,1,0,300,0,1,5,3,0,1,NO
1,0,13,0,312,0,13,41,3,0,13,NO
1,0,17,0,316,0,17,54,3,0,18,NO
19,80,45,2,299,3,33,343,2,91,95,NO
3,2,8,1,307,0,5,37,3,37,11,NO
12,0,20,2,21,18,3,253,1,88,67,NO
17,0,3,0,12,3,7,136,1,0,39,NO
6,0,4,2,4,0,4,87,1,37,22,NO
5,1,57,1,356,0,55,207,3,96,66,NO
1,0,5,0,304,0,5,17,3,0,5,NO
0,0,1,0,300,0,1,5,3,0,1,NO
0,0,1,0,300,0,1,5,3,0,1,NO
1,0,3,0,302,0,3,11,3,0,3,NO
0,0,1,0,300,0,1,5,3,0,1,NO
1,0,3,0,302,0,3,11,3,0,3,NO
1,0,15,0,314,0,15,47,3,0,15,NO
1,0,3,0,302,0,3,11,3,0,3,NO
1,0,5,0,304,0,5,17,3,0,5,NO
0,0,0,0,24,0,0,2,2,0,0,NO
1,0,9,0,308,0,9,29,3,0,9,NO
0,0,1,0,300,0,1,5,3,0,1,NO
1,0,15,0,314,0,15,48,3,0,16,NO
1,0,7,0,306,0,7,24,3,0,8,NO
1,0,5,0,304,0,5,18,3,0,6,NO
1,0,9,0,308,0,9,31,3,0,11,NO
0,0,1,0,300,0,1,5,3,0,1,NO
0,0,1,0,300,0,1,5,3,0,1,NO
1,0,3,0,302,0,3,11,3,0,3,NO
1,0,4,0,303,0,4,15,3,0,5,NO
0,0,1,0,300,0,1,5,3,0,1,NO
0,0,1,0,300,0,1,5,3,0,1,NO
1,0,12,0,319,0,12,40,4,0,14,NO
2,0,14,0,313,0,14,51,3,0,18,NO
0,0,1,0,300,0,1,5,3,0,1,NO
0,0,1,0,300,0,1,5,3,0,1,NO
0,0,1,0,300,0,1,5,3,0,1,NO
1,0,8,0,315,0,8,27,4,0,9,NO
0,0,1,0,300,0,1,5,3,0,1,NO
0,0,1,0,300,0,1,5,3,0,1,NO
0,0,1,0,300,0,1,5,3,0,1,NO
0,0,1,0,300,0,1,5,3,0,1,NO
1,0,7,0,306,0,7,23,3,0,7,NO
13,0,18,3,273,3,14,140,2,84,35,NO
7,0,14,1,370,0,12,61,4,64,19,NO
0,0,1,0,300,0,1,5,3,0,1,NO
1,0,9,0,308,0,9,29,3,0,9,NO
0,0,1,0,300,0,1,5,3,0,1,NO
1,0,3,0,302,0,2,14,3,0,4,NO
0,0,1,0,300,0,1,5,3,0,1,NO
0,0,1,0,300,0,1,5,3,0,1,NO
0,0,1,0,300,0,1,5,3,0,1,NO
3,0,0,0,2,0,0,33,1,0,9,NO
0,0,1,0,300,0,1,5,3,0,1,NO
0,0,0,0,0,0,0,3,1,0,0,YES
4,0,3,0,257,0,3,19,2,0,6,NO
7,0,13,7,14,1,13,114,1,72,33,NO
5,0,0,0,11,0,11,91,1,0,32,NO
7,40,15,3,16,1,15,114,1,70,32,NO
7,0,0,0,5,0,5,36,1,40,11,YES
30,0,5,0,11,5,5,329,1,0,73,YES
0,0,2,0,2,0,1,10,2,0,3,NO
22,0,4,1,4,0,4,96,1,50,19,NO
5,0,4,0,4,0,4,28,1,0,6,NO
35,0,5,1,12,6,5,444,1,83,85,YES
1,0,1,0,1,0,1,7,1,0,2,NO
0,0,2,0,2,0,1,10,2,0,3,NO
49,0,16,3,24,8,11,488,2,87,105,YES
5,0,13,4,13,0,10,73,1,69,21,NO
9,0,2,0,3,2,1,55,1,0,12,YES
0,0,4,0,20,0,4,14,2,0,4,NO
3,0,2,0,20,1,2,18,2,0,5,NO
0,0,3,0,19,0,3,11,2,0,3,NO
1,0,3,0,19,0,3,11,2,0,3,NO
1,0,4,0,20,0,4,14,2,0,5,NO
1,0,3,0,19,0,3,11,2,0,4,NO
0,0,2,0,18,0,2,8,2,0,3,NO
1,0,2,0,18,0,2,8,2,0,2,NO
3,0,5,0,23,1,6,39,2,0,13,NO
1,0,2,0,19,1,2,16,2,0,4,NO
1,0,2,0,18,0,2,8,2,0,2,NO
0,0,1,0,17,0,1,5,2,0,1,NO
5,0,1,0,18,1,1,10,2,0,3,NO
5,0,1,0,18,1,1,10,2,0,3,NO
1,0,10,0,27,1,10,40,2,0,13,NO
1,0,2,0,18,0,2,8,2,0,2,NO
1,0,1,0,17,0,1,5,2,0,1,NO
0,0,1,0,17,0,1,5,2,0,1,NO
0,0,1,0,17,0,1,5,2,0,1,NO
0,0,1,0,17,0,1,5,2,0,1,NO
2,0,2,0,18,0,2,11,2,0,2,NO
0,0,2,0,18,0,2,8,2,0,2,NO
3,0,2,0,18,0,2,8,2,0,2,NO
0,0,2,0,18,0,2,8,2,0,2,NO
2,0,3,0,19,0,3,11,2,0,3,NO
0,0,1,0,17,0,1,5,2,0,1,NO
0,0,1,0,17,0,1,5,2,0,1,NO
1,0,2,0,18,0,2,8,2,0,2,NO
1,0,2,0,18,0,2,8,2,0,2,NO
0,0,1,0,17,0,1,5,2,0,1,NO
1,0,1,0,17,0,1,5,2,0,1,NO
0,0,1,0,17,0,1,5,2,0,1,NO
1,0,3,0,19,0,3,11,2,0,3,NO
0,0,2,0,18,0,2,8,2,0,3,NO
1,0,1,0,17,0,1,5,2,0,1,NO
0,0,2,0,18,0,2,8,2,0,2,NO
1,0,3,0,19,0,3,11,2,0,5,NO
0,0,1,0,17,0,1,5,2,0,1,NO
1,0,1,0,17,0,1,5,2,0,1,NO
1,0,3,0,19,0,3,11,2,0,4,NO
0,0,3,2,24,0,3,15,4,33,3,NO
9,0,7,0,25,0,7,40,2,0,13,NO
0,0,11,1,32,0,11,45,4,0,11,NO
13,0,2,0,18,3,15,293,1,88,63,YES
3,1,18,4,18,0,18,67,1,84,22,NO
5,0,0,0,7,0,7,46,1,0,10,NO
12,0,0,0,11,1,10,129,1,86,26,NO
4,0,1,0,8,0,7,29,1,0,9,NO
15,0,22,2,68,9,9,536,2,67,115,YES
4,1,3,1,4,0,2,16,1,50,5,NO
2,0,5,4,9,2,2,98,2,80,20,NO
4,0,11,2,47,0,5,77,2,50,13,NO
0,0,11,1,32,0,11,45,4,0,11,NO
10,0,1,0,7,1,6,81,1,0,20,NO
3,0,10,1,46,2,3,75,2,9,11,NO
4,0,8,1,44,0,4,49,2,12,11,NO
4,0,16,1,52,3,5,109,2,31,19,NO
9,5,35,3,36,2,16,215,1,89,52,NO
90,11,230,12,254,57,147,2773,1,95,845,YES
4,1,26,5,26,7,12,205,1,78,50,NO
0,0,10,0,31,0,10,31,4,0,10,NO
1,0,18,1,65,0,18,60,6,72,18,NO
4,0,1,0,149,1,0,11,3,0,2,NO
0,0,10,0,31,0,10,31,4,0,10,NO
20,0,1,1,43,4,38,784,1,100,137,YES
0,0,10,0,31,0,10,31,4,0,10,NO
3,0,3,2,15,0,4,20,2,50,4,NO
1,0,2,1,14,0,3,15,2,33,4,NO
3,0,2,1,14,0,3,14,2,33,3,NO
2,0,17,12,31,2,18,90,2,89,21,NO
1,0,2,1,13,0,2,10,2,0,3,NO
4,0,3,1,27,0,4,21,3,50,4,NO
3,0,2,1,22,0,3,16,3,33,3,NO
3,70,10,4,11,0,11,62,1,68,18,NO
9,0,0,0,12,1,11,67,1,91,20,NO
20,0,1,0,18,1,17,154,1,0,30,NO
1,0,3,1,14,0,3,14,2,0,3,NO
1,0,3,1,14,0,3,14,2,0,3,NO
1,0,4,2,16,0,5,26,2,60,5,NO
16,0,8,0,8,2,6,105,1,0,28,YES
3,1,6,4,19,0,8,37,2,75,9,NO
4,0,9,6,21,0,10,69,2,80,10,NO
3,0,6,5,18,0,7,34,2,71,7,NO
3,0,6,5,18,0,7,34,2,71,7,NO
6,1,11,7,23,0,12,85,2,69,19,NO
4,0,4,3,16,0,5,27,2,60,5,NO
4,0,6,3,18,0,7,31,2,71,7,NO
3,0,7,3,19,0,8,54,2,45,10,NO
3,0,4,3,16,0,5,24,2,60,5,NO
4,0,4,3,16,0,5,27,2,60,5,NO
3,0,2,1,14,0,3,14,2,33,3,NO
3,0,2,1,14,0,3,14,2,33,3,NO
3,0,6,4,19,1,7,42,2,62,11,NO
3,0,5,4,17,0,6,30,2,66,7,NO
2,0,3,1,14,0,3,13,2,0,5,YES
4,0,2,1,14,0,3,28,2,33,9,NO
1,0,3,2,15,0,4,21,2,50,4,NO
3,0,2,1,14,0,3,14,2,33,3,NO
4,0,6,2,8,0,5,76,1,37,23,NO
6,0,4,2,4,2,1,20,1,25,6,NO
17,1,3,0,38,4,34,201,1,0,46,NO
10,0,0,0,9,4,5,140,1,0,22,NO
2,1,3,0,3,0,3,9,1,0,3,NO
19,9,57,3,311,1,43,498,2,83,137,NO
11,0,22,5,334,4,16,165,3,84,56,YES
15,0,25,7,280,3,22,301,2,89,74,NO
14,1,54,7,312,13,32,1198,2,83,297,YES
8,0,0,0,4,1,2,34,2,33,8,NO
19,0,4,4,6,2,3,106,1,66,27,NO
39,0,8,2,10,5,2,259,2,83,58,YES
28,0,6,3,6,1,2,160,2,61,35,YES
37,3,73,9,147,5,68,422,2,88,109,NO
4,0,3,0,14,0,3,26,2,0,9,NO
8,1,10,2,11,0,10,77,1,81,27,NO
11,0,0,0,10,5,5,117,1,0,30,NO
4,0,0,0,1,0,0,38,1,0,10,NO
23,0,4,3,4,0,3,106,1,25,22,NO
0,0,1,0,1,0,1,5,1,0,1,NO
1,0,6,0,52,2,4,23,2,0,6,NO
3,0,1,0,18,0,1,8,2,0,2,NO
3,1,3,1,3,0,3,45,1,100,3,NO
2,0,2,2,2,0,2,11,1,0,2,NO
15,1,46,10,46,8,32,325,1,91,94,NO
3,0,5,0,5,0,5,15,1,0,5,NO
3,0,1,0,18,0,1,8,2,0,2,NO
10,0,26,3,59,1,24,125,2,75,33,NO
0,0,10,4,10,0,10,39,1,70,10,NO
1,0,13,6,13,1,9,109,1,78,25,NO
4,0,5,0,152,0,4,29,3,0,7,YES
25,0,0,0,7,0,4,93,1,100,30,NO
28,0,3,0,13,1,2,127,2,0,26,YES
1,0,1,2,1,0,0,8,1,0,1,NO
52,0,10,4,24,4,18,324,1,83,71,YES
39,0,21,2,34,19,2,733,2,94,164,YES
14,0,0,0,8,5,3,227,1,0,40,YES
7,0,1,0,3,0,3,22,2,0,6,YES
25,0,8,2,8,5,3,109,1,68,21,YES
6,0,5,0,5,0,5,18,1,0,5,NO
2,0,5,2,5,0,5,21,1,40,6,NO
25,2,72,10,73,7,65,451,1,94,143,NO
28,2,17,0,17,0,17,118,1,0,34,NO
21,1,31,9,33,0,32,307,1,88,85,YES
0,0,0,0,0,0,0,8,2,0,0,NO
10,0,8,6,10,2,0,110,1,70,37,NO
79,0,124,41,130,34,94,1316,1,96,380,YES
8,1,0,0,1,0,1,20,1,0,4,NO
3,0,10,1,10,2,8,114,1,0,37,NO
16,0,22,14,25,8,17,320,2,85,79,NO
17,0,9,3,11,1,9,80,1,63,21,NO
8,0,3,3,3,0,3,36,1,0,9,NO
4,0,6,0,6,0,6,39,1,0,11,NO
8,1,4,0,5,0,4,126,1,0,16,NO
3,0,0,0,1,0,1,18,1,0,6,NO
59,1,117,35,147,19,101,999,2,96,328,YES
10,0,66,2,139,0,66,202,2,93,66,NO
14,0,16,8,16,2,10,218,1,78,53,NO
1,0,3,2,14,0,3,15,2,33,3,NO
5,0,9,5,9,0,9,40,1,75,10,NO
6,0,7,2,8,3,5,97,1,68,28,NO
2,0,4,2,4,0,4,21,1,37,8,NO
3,0,9,2,9,0,9,50,1,22,23,NO
5,0,6,1,6,0,6,41,1,50,11,NO
19,0,9,2,10,1,9,184,1,50,25,NO
6,1,19,3,19,1,17,183,1,82,33,NO
5,0,3,0,3,0,3,31,1,0,5,NO
0,0,2,0,21,0,1,8,2,0,2,NO
102,0,56,6,92,49,41,1929,1,96,466,NO
24,0,40,21,46,22,24,660,1,89,185,NO
16,0,0,0,8,2,6,80,1,87,24,NO
1,0,3,0,150,0,3,11,3,0,3,NO
4,0,2,1,2,0,2,16,1,0,3,NO
20,0,0,0,8,3,0,143,1,87,38,NO
5,2,4,0,4,0,4,14,1,0,4,NO
3,0,11,1,12,2,10,201,1,8,42,NO
3,3,3,1,4,0,0,47,1,25,14,NO
6,0,7,3,24,0,7,73,3,52,27,NO
4,3,12,2,24,1,8,61,2,53,19,NO
1,0,11,3,11,2,9,87,1,63,27,NO
34,2,49,15,82,7,43,368,4,91,129,NO
3,3,6,1,17,0,4,21,2,16,6,NO
4,4,7,2,7,0,6,28,1,28,8,NO
40,0,0,0,27,23,3,576,1,91,158,NO
0,0,10,0,31,0,10,31,4,0,10,NO
3,0,3,1,10,0,3,16,2,33,4,NO
4,0,8,1,8,0,8,60,1,12,22,NO
7,2,7,2,31,0,4,41,3,35,18,NO
5,0,3,2,3,0,3,22,1,16,6,NO
7,0,8,1,13,1,8,77,2,44,23,NO
8,0,3,3,3,0,3,79,1,22,25,NO
10,0,12,1,16,5,11,292,1,62,101,YES
21,3,49,16,52,4,48,326,1,93,112,NO
2,0,4,2,56,0,3,23,2,50,6,NO
1,0,2,0,54,0,1,10,2,0,3,NO
2,0,5,1,57,0,4,23,2,19,5,NO
0,0,7,3,7,0,7,35,1,61,11,NO
7,0,6,1,11,2,5,73,2,42,21,NO
1,0,4,1,8,2,1,19,2,0,6,NO
33,0,65,28,73,3,70,511,1,96,140,NO
4,3,11,2,11,0,7,38,1,68,14,NO
6,0,11,4,93,0,11,58,5,79,20,NO
35,0,75,34,76,5,71,530,1,96,188,NO
19,0,0,0,6,1,5,108,1,0,20,NO
4,0,5,4,9,2,2,29,2,44,9,NO
74,0,19,3,59,52,6,1344,1,96,423,YES
23,0,12,6,25,7,11,250,2,82,71,NO
0,0,10,0,31,0,10,31,4,0,10,NO
5,0,4,4,4,0,4,29,1,50,10,NO
13,0,16,5,40,0,16,86,3,80,27,YES
3,0,5,3,29,0,5,35,3,53,12,YES
3,0,6,1,17,0,6,22,2,0,10,NO
6,0,0,0,1,0,1,13,1,0,3,NO
7,0,8,1,13,1,8,77,2,44,23,NO
6,0,7,3,24,0,7,62,3,52,20,NO
4,0,5,2,12,0,5,25,2,40,10,NO
4,1,5,2,12,0,5,25,2,40,10,NO
3,0,2,0,14,0,2,9,3,0,3,NO
2,0,3,0,3,0,3,11,1,0,3,NO
5,0,8,2,39,0,8,37,4,50,16,NO
10,0,9,5,12,1,10,127,1,66,36,NO
5,0,11,2,28,0,11,42,3,50,11,NO
0,2,10,0,31,0,10,31,4,0,10,NO
9,0,10,1,14,1,13,117,1,57,42,NO
1,0,11,4,11,0,11,51,1,70,12,NO
2,0,0,0,2,1,1,103,1,0,2,NO
0,0,14,6,14,1,13,78,1,69,23,NO
14,0,22,12,28,18,10,364,1,87,126,NO
17,0,0,0,15,6,2,148,1,0,58,NO
6,0,18,5,20,3,10,122,1,68,37,NO
8,0,9,3,38,1,2,144,2,81,26,NO
0,0,2,0,23,0,2,9,4,0,2,NO
9,0,4,5,4,1,3,102,1,70,8,NO
0,0,6,2,7,1,6,31,1,50,10,NO
0,0,4,1,4,0,4,15,1,0,4,NO
2,0,0,0,9,0,9,102,1,0,33,NO
4,0,6,1,6,0,5,42,2,66,9,NO
6,0,22,10,22,0,22,146,1,81,45,NO
1,0,6,3,6,0,6,35,1,38,6,NO
2,0,3,2,3,0,3,202,1,16,3,NO
15,0,0,0,23,10,12,491,1,0,57,NO
2,1,1,0,4,0,3,22,1,75,6,NO
0,0,10,0,31,0,10,31,4,0,10,NO
0,1,0,0,0,0,0,15,1,0,0,NO
0,16,1,0,1,0,1,5,1,0,1,NO
3,0,0,0,3,0,3,42,1,0,8,NO
20,0,0,0,18,4,14,305,1,88,63,YES
52,0,4,1,28,21,7,656,1,95,203,NO
0,0,0,0,13,0,11,78,1,0,21,YES
3,0,1,0,42,0,3,14,2,0,5,NO
43,0,0,0,35,14,21,788,1,97,221,YES
0,3,1,0,1,0,1,5,1,0,1,NO
0,6,1,0,1,0,1,5,1,0,1,NO
0,0,1,0,5,0,1,5,2,0,1,NO
5,0,31,1,31,13,18,350,1,41,95,NO
6,0,24,1,24,7,17,327,1,91,89,NO
0,0,1,2,4,1,3,28,1,100,7,NO
0,7,1,0,1,0,1,5,1,0,1,NO
4,0,6,3,10,4,5,129,1,83,28,YES
9,0,1,0,15,0,10,74,2,0,22,NO
6,0,0,0,5,0,5,67,1,0,18,YES
0,36,1,0,1,0,1,5,1,0,1,NO
6,1,7,0,263,2,6,57,2,0,20,NO
5,0,9,3,272,1,7,118,3,55,46,NO
5,0,1,0,1,0,1,14,1,0,3,NO
1,0,0,0,4,0,1,5,2,0,1,NO
2,0,18,1,18,0,18,59,1,33,19,NO
9,0,0,0,5,1,4,91,1,0,34,NO
0,12,10,0,21,0,10,98,3,0,10,NO
30,0,0,0,40,0,40,139,1,0,46,YES
7,0,6,0,6,2,4,63,1,0,17,NO
4,0,5,2,6,0,6,28,1,50,9,NO
66,0,185,84,189,9,180,1450,1,98,407,YES
14,0,19,7,20,13,7,276,1,84,81,NO
8,0,0,0,16,1,15,168,1,0,27,NO
0,0,5,4,5,0,5,25,1,60,5,NO
9,0,15,11,21,8,13,400,1,72,73,NO
2,0,5,0,5,0,5,14,1,0,5,NO
2,0,18,7,18,1,17,62,1,83,18,NO
0,1,2,2,2,0,2,13,1,50,2,NO
5,0,19,2,20,1,18,76,1,60,26,NO
4,1,0,0,3,0,3,17,1,66,8,NO
1,1,16,1,47,0,16,55,5,62,16,NO
1,0,2,1,33,0,2,11,5,0,3,NO
0,0,0,0,0,0,0,4,1,0,0,YES
4,0,0,0,2,0,2,16,1,0,4,NO
8,0,14,4,14,3,11,79,1,55,28,NO
13,0,7,3,7,1,6,180,1,61,59,NO
19,2,9,3,9,0,7,55,1,77,18,NO
7,0,0,0,4,0,4,75,1,0,24,NO
16,0,8,2,8,0,8,78,1,18,20,NO
6,0,3,1,3,0,3,23,1,33,5,NO
6,0,1,0,1,0,1,16,2,0,3,NO
11,0,5,1,5,0,1,46,2,60,10,NO
0,0,4,0,4,0,4,21,1,0,5,NO
0,0,1,0,1,0,0,12,2,0,3,NO
2,0,5,2,5,0,4,42,2,50,6,NO
3,0,0,0,1,0,1,15,1,0,3,NO
4,0,5,1,5,0,5,39,1,19,11,NO
4,0,1,0,1,0,1,7,1,0,2,NO
6,0,18,0,89,5,13,164,2,0,47,NO
8,0,5,6,5,1,4,101,1,56,27,NO
3,0,1,1,1,0,1,9,1,0,1,NO
19,0,36,13,37,5,17,529,1,88,92,NO
7,0,3,3,3,0,3,39,1,33,5,NO
2,0,2,0,68,0,2,14,3,0,4,YES
8,0,5,3,5,0,5,45,1,60,7,NO
3,0,19,8,19,2,15,140,1,84,38,NO
10,0,0,0,3,1,0,46,1,0,15,NO
7,0,5,3,5,0,5,44,1,60,7,NO
2,0,4,3,15,0,4,20,2,50,4,NO
1,0,4,3,15,0,4,21,2,50,4,NO
3,0,1,0,6,0,0,6,2,0,1,NO
8,0,5,0,5,0,5,43,1,0,11,NO
37,1,62,10,71,23,25,1128,1,95,257,NO
5,0,2,0,2,0,2,24,1,0,7,NO
5,0,2,0,7,0,0,15,2,0,4,NO
7,0,5,0,5,0,5,44,1,0,11,NO
17,3,4,0,5,0,2,83,1,0,26,NO
4,0,2,0,2,0,2,24,1,0,9,NO
8,0,5,0,5,0,5,39,1,0,10,NO
3,0,1,0,6,0,0,6,2,0,1,NO
13,0,2,0,2,0,2,60,1,0,16,NO
13,0,2,0,3,0,2,66,1,66,17,NO
5,0,2,0,2,0,2,19,1,0,7,NO
11,0,4,3,6,0,5,49,1,50,9,NO
23,0,0,0,3,0,3,104,1,0,7,NO
9,0,11,1,11,3,8,64,1,54,19,NO
2,0,4,0,4,0,4,16,1,0,4,NO
6,0,0,0,6,0,3,55,1,50,17,NO
2,0,5,0,5,1,2,46,1,0,11,NO
3,0,7,2,7,2,5,60,1,42,15,NO
6,0,0,0,16,8,8,124,1,0,29,NO
2,0,4,0,4,1,2,46,1,0,10,NO
0,0,2,0,11,2,0,59,2,0,12,NO
4,2,7,1,7,0,5,77,1,28,15,NO
3,0,2,0,9,0,2,12,2,0,3,NO
1,0,3,1,3,0,3,21,1,66,6,NO
9,0,6,1,6,2,4,90,1,0,18,NO
12,0,11,2,11,3,8,107,1,59,26,NO
5,0,0,0,3,0,3,31,1,0,9,NO
0,0,0,0,6,0,0,1,2,0,0,NO
0,0,0,0,14,0,0,1,2,0,0,NO
13,0,11,3,11,3,8,107,1,60,28,NO
4,0,0,0,2,0,2,27,1,0,6,NO
0,0,0,0,0,0,0,3,1,0,0,YES
9,0,18,1,377,2,14,111,6,33,38,NO
3,0,7,2,336,0,6,36,4,57,13,NO
2,0,2,0,331,0,2,9,4,0,4,NO
3,7,7,1,7,2,3,40,1,14,10,NO
4,0,7,1,336,0,6,32,4,42,11,NO
2,0,2,0,331,0,2,10,4,0,4,NO
6,0,27,8,338,1,24,130,3,90,40,NO
5,0,13,4,267,0,11,73,2,76,24,NO
0,0,2,0,59,0,2,8,3,0,2,NO
0,0,0,0,0,0,0,8,1,0,0,NO
9,0,27,8,356,2,23,152,4,87,42,NO
2,0,3,0,332,0,3,12,4,0,5,NO
4,0,14,2,383,0,13,64,7,78,22,NO
8,0,20,4,426,0,18,101,6,85,34,YES
2,0,4,0,333,0,4,17,4,0,7,NO
9,0,17,6,329,3,14,142,3,76,54,YES
4,2,22,5,351,0,21,107,4,87,38,NO
12,4,28,1,387,3,21,184,6,32,69,YES
11,0,18,5,347,1,16,103,4,81,30,YES
11,0,35,15,389,0,33,242,5,94,60,NO
6,0,5,0,364,0,5,19,6,0,7,NO
4,0,12,1,341,1,10,79,4,50,27,NO
1,0,15,0,385,0,14,46,5,0,16,YES
17,0,70,32,427,4,64,556,6,97,132,YES
5,1,18,5,377,0,15,103,6,82,32,YES
31,0,37,9,409,11,27,480,7,90,138,NO
5,0,15,4,348,0,14,69,5,81,24,NO
34,0,58,14,464,11,41,715,6,92,142,YES
9,0,15,2,402,0,13,76,7,80,25,YES
8,0,21,5,380,2,16,115,6,86,34,NO
20,0,48,10,444,4,40,513,6,92,139,YES
5,0,18,1,423,0,13,102,7,72,40,YES
7,0,10,3,339,0,9,58,4,76,16,NO
7,0,29,12,36,0,28,175,2,90,45,NO
5,0,13,7,13,0,12,70,1,75,17,NO
6,0,44,24,44,0,42,233,1,95,62,NO
2,1,3,1,332,0,2,18,4,0,5,NO
4,0,15,0,421,0,13,103,7,93,31,NO
5,0,16,2,421,0,11,88,7,81,32,NO
1,0,6,0,376,0,5,19,5,0,6,NO
1,1,8,7,8,0,8,45,1,75,9,NO
6,0,10,7,22,0,11,73,2,72,15,NO
3,0,3,2,15,0,4,20,2,50,4,NO
1,0,2,1,10,0,2,38,2,96,2,NO
1,0,7,5,7,0,7,46,1,62,9,NO
1,1,6,4,6,0,6,35,1,54,7,NO
2,0,4,2,15,0,4,20,2,25,4,NO
4,0,4,2,16,0,5,37,2,40,8,NO
1,0,8,6,8,0,8,51,1,62,8,NO
0,0,1,0,1,1,0,8,1,0,1,NO
7,0,11,5,11,5,6,153,1,81,44,NO
10,0,0,0,9,0,9,60,1,0,11,NO
11,1,9,0,412,0,24,103,7,88,34,NO
8,0,23,9,334,2,20,128,3,85,39,NO
3,0,6,0,335,0,6,22,4,0,9,NO
7,0,9,0,379,0,8,46,7,0,17,NO
4,0,10,2,339,0,8,53,4,70,20,YES
3,0,5,1,12,0,5,132,2,0,10,NO
61,0,80,25,432,20,54,1146,5,93,296,YES
15,0,4,3,4,0,0,67,1,33,15,NO
14,0,21,2,384,3,17,184,5,88,45,NO
8,0,23,6,352,2,19,139,4,84,46,NO
2,0,7,0,370,1,6,34,5,0,11,NO
0,0,2,0,353,0,2,8,5,0,2,NO
2,0,4,1,318,0,3,22,4,25,8,NO
5,0,6,1,335,0,4,43,4,50,13,NO
1,0,2,0,334,0,1,15,5,0,5,NO
12,0,20,7,331,1,16,118,3,83,33,NO
12,2,24,9,353,2,20,163,4,86,47,NO
2,1,2,0,355,0,1,10,5,0,3,NO
13,0,5,2,409,0,5,41,5,40,11,NO
2,3,11,3,370,0,6,49,6,72,15,NO
4,3,5,1,392,0,3,37,5,60,7,NO
23,0,22,2,24,6,15,382,1,72,93,NO
2,4,10,2,369,0,4,41,6,70,12,NO
7,3,4,1,333,0,3,46,4,25,10,YES
23,2,56,8,387,4,43,551,4,88,144,YES
4,1,5,1,334,0,3,39,4,60,8,NO
14,12,25,1,359,3,18,228,5,68,54,YES
25,0,25,2,25,5,15,400,1,60,96,YES
10,3,21,4,350,0,17,121,4,84,34,NO
10,0,9,3,413,1,8,123,5,70,28,NO
9,6,13,2,405,1,7,179,6,71,56,YES
11,0,4,0,7,3,1,92,1,0,20,NO
14,0,0,0,13,1,12,236,1,0,60,NO
8,50,18,1,329,1,16,243,3,52,43,NO
3,0,1,0,1,0,1,5,1,0,1,NO
33,0,36,12,367,9,27,361,4,88,100,YES
3,0,9,0,414,0,7,58,7,88,17,NO
5,0,18,2,347,1,15,127,4,79,31,NO
2,2,3,1,314,0,2,19,3,0,6,NO
10,5,41,13,370,2,36,243,4,90,71,YES
69,0,144,44,497,41,87,2424,5,96,663,YES
15,0,4,3,4,0,0,75,1,33,18,NO
7,0,18,2,377,1,16,100,6,86,34,NO
3,0,6,0,335,0,6,22,4,0,9,NO
7,0,9,0,379,0,8,46,7,0,17,NO
9,0,17,2,393,2,14,150,5,85,37,NO
3,0,7,0,383,1,6,32,5,0,10,NO
5,0,15,4,348,0,14,69,5,81,24,NO
32,0,41,10,413,11,30,513,7,91,150,NO
10,2,47,6,376,3,35,240,4,93,82,NO
5,0,17,6,18,2,16,117,1,72,38,NO
3,0,1,0,3,1,2,107,1,0,4,NO
3,0,13,0,418,0,9,75,7,92,24,NO
10,0,20,3,379,2,17,115,6,78,35,YES
7,0,13,3,342,0,12,62,4,76,21,NO
14,0,32,1,391,2,26,189,6,31,65,NO
4,0,2,0,341,0,2,10,5,0,4,YES
1,0,3,0,332,0,2,11,4,0,4,NO
15,1,0,0,24,3,21,217,1,87,53,NO
0,0,0,0,0,0,0,2,1,0,0,NO
2,0,1,0,255,0,0,9,2,0,3,NO
1,0,6,0,376,0,5,19,5,0,6,NO
6,1,23,8,352,1,20,146,4,83,45,NO
13,0,53,20,382,4,47,417,4,91,144,NO
3,0,10,0,339,0,8,38,4,0,14,NO
4,1,10,0,339,0,9,65,4,0,13,NO
2,0,9,2,338,0,7,43,4,72,13,NO
8,0,17,3,394,2,14,154,7,76,45,YES
20,0,36,7,370,13,21,473,4,87,124,YES
9,2,34,8,363,3,27,199,4,89,64,NO
5,0,13,5,14,2,12,102,1,64,34,NO
15,0,39,4,368,12,16,530,4,83,167,NO
8,0,17,5,271,1,14,112,2,82,33,NO
15,0,32,8,343,7,23,336,3,84,72,YES
3,1,13,3,342,0,12,62,4,76,20,NO
2,0,10,4,17,0,10,105,2,44,23,NO
11,3,16,4,18,4,13,283,1,73,106,YES
8,0,14,2,35,5,11,108,2,64,35,YES
4,0,10,2,28,1,8,69,2,50,22,YES
2,0,17,2,24,2,15,109,2,55,19,NO
0,0,0,0,14,0,0,3,3,0,0,NO
2,1,7,2,14,0,7,49,2,21,11,NO
4,0,10,2,28,1,8,69,2,50,22,YES
2,1,16,3,23,2,14,113,2,60,26,NO
3,0,10,0,33,2,8,78,3,0,15,NO
6,0,42,10,371,0,38,230,4,90,78,YES
1,0,6,0,376,0,5,18,5,0,6,NO
1,0,1,0,343,0,1,9,5,0,2,NO
0,0,1,0,330,0,1,4,4,0,1,NO
4,0,15,2,420,0,11,80,7,80,29,NO
8,0,13,2,342,0,11,70,4,73,23,NO
5,0,15,3,269,1,12,84,2,77,24,NO
14,0,32,6,391,3,26,266,6,89,76,NO
24,0,54,13,384,9,40,439,4,91,140,YES
5,0,8,0,337,0,8,44,4,0,17,NO
3,0,5,0,334,0,5,20,4,0,8,NO
8,0,12,1,341,0,11,97,4,75,32,NO
4,2,19,1,406,1,15,152,5,71,38,YES
0,0,2,0,2,0,2,30,1,0,9,NO
2,0,6,1,6,0,6,23,1,16,6,NO
5,1,5,0,6,1,4,37,1,0,12,NO
8,1,0,0,14,1,13,83,1,0,21,NO
13,0,25,3,417,3,15,185,6,86,50,YES
3,0,13,3,324,0,11,72,3,66,22,NO
3,0,9,2,338,0,7,47,4,66,17,YES
5,0,10,2,397,0,9,50,7,75,14,NO
51,0,127,28,481,43,71,1905,5,95,492,YES
7,0,18,1,377,1,16,99,6,83,36,NO
8,0,20,1,349,0,16,215,4,90,49,NO
22,0,29,9,399,5,23,325,7,88,103,NO
3,0,6,0,339,0,6,22,5,0,9,NO
3,0,6,0,335,0,6,22,4,0,9,NO
7,0,9,0,379,0,8,46,7,0,17,NO
16,0,57,9,388,5,47,429,4,92,147,YES
5,0,17,6,17,1,16,114,1,70,37,NO
7,0,16,0,345,1,15,64,4,0,26,NO
0,0,2,0,353,0,2,7,5,0,2,NO
0,0,0,0,0,0,0,3,1,0,0,YES
0,0,1,0,315,0,1,5,4,0,2,NO
2,0,14,4,21,0,14,108,2,71,25,NO
1,0,6,0,376,0,5,19,5,0,6,NO
21,2,71,17,404,11,62,543,4,94,163,YES
